rq,track,condition,protocol,dataset,scenario,seed,method,metric,value
rq1,ours,loao/cicids2017/Z1/seed_101,loao,cicids2017,Z1,101,closed_backbone,delta_f1,0.0
rq1,ours,loao/cicids2017/Z1/seed_101,loao,cicids2017,Z1,101,closed_backbone,known_accuracy,0.9813748531139835
rq1,ours,loao/cicids2017/Z1/seed_101,loao,cicids2017,Z1,101,closed_backbone,known_macro_f1,0.8812440995204643
rq1,ours,loao/cicids2017/Z1/seed_101,loao,cicids2017,Z1,101,closed_backbone,known_weighted_f1,0.979739771128564
rq1,ours,loao/cicids2017/Z1/seed_101,loao,cicids2017,Z1,101,hedl,aupr_out,0.9180758826418389
rq1,ours,loao/cicids2017/Z1/seed_101,loao,cicids2017,Z1,101,hedl,delta_f1,-0.02363156642166775
rq1,ours,loao/cicids2017/Z1/seed_101,loao,cicids2017,Z1,101,hedl,far,0.012162162162162163
rq1,ours,loao/cicids2017/Z1/seed_101,loao,cicids2017,Z1,101,hedl,fpr95,0.5515276145710928
rq1,ours,loao/cicids2017/Z1/seed_101,loao,cicids2017,Z1,101,hedl,frr,0.54668
rq1,ours,loao/cicids2017/Z1/seed_101,loao,cicids2017,Z1,101,hedl,known_accuracy,0.9682726204465335
rq1,ours,loao/cicids2017/Z1/seed_101,loao,cicids2017,Z1,101,hedl,known_macro_f1,0.8576125330987966
rq1,ours,loao/cicids2017/Z1/seed_101,loao,cicids2017,Z1,101,hedl,known_weighted_f1,0.966783753142017
rq1,ours,loao/cicids2017/Z1/seed_101,loao,cicids2017,Z1,101,hedl,open_world_macro_f1,0.7570938242229049
rq1,ours,loao/cicids2017/Z1/seed_101,loao,cicids2017,Z1,101,hedl,oscr,0.8618949847238544
rq1,ours,loao/cicids2017/Z1/seed_101,loao,cicids2017,Z1,101,hedl,scorer_density_reference_size,4096.0
rq1,ours,loao/cicids2017/Z1/seed_101,loao,cicids2017,Z1,101,hedl,scorer_density_selection_margin,0.2
rq1,ours,loao/cicids2017/Z1/seed_101,loao,cicids2017,Z1,101,hedl,scorer_proxy_density_auroc,0.8778070569038391
rq1,ours,loao/cicids2017/Z1/seed_101,loao,cicids2017,Z1,101,hedl,scorer_proxy_evidential_auroc,0.9854981422424316
rq1,ours,loao/cicids2017/Z1/seed_101,loao,cicids2017,Z1,101,hedl,tpr_at_0_1_fpr,0.0
rq1,ours,loao/cicids2017/Z1/seed_101,loao,cicids2017,Z1,101,hedl,tpr_at_1_fpr,0.44096
rq1,ours,loao/cicids2017/Z1/seed_101,loao,cicids2017,Z1,101,hedl,tpr_at_5_fpr,0.57768
rq1,ours,loao/cicids2017/Z1/seed_101,loao,cicids2017,Z1,101,hedl,unknown_auroc,0.8804101633372503
rq1,ours,loao/cicids2017/Z1/seed_101,loao,cicids2017,Z1,101,hedl,unknown_f1,0.6203065134099617
rq1,ours,loao/cicids2017/Z1/seed_101,loao,cicids2017,Z1,101,hedl,unknown_precision,0.9820623916811092
rq1,ours,loao/cicids2017/Z1/seed_101,loao,cicids2017,Z1,101,hedl,unknown_recall,0.45332
rq1,ours,loao/cicids2017/Z1/seed_13,loao,cicids2017,Z1,13,hedl,aupr_out,0.5961838694995908
rq1,ours,loao/cicids2017/Z1/seed_13,loao,cicids2017,Z1,13,hedl,closed_reference_macro_f1,0.23862469656180327
rq1,ours,loao/cicids2017/Z1/seed_13,loao,cicids2017,Z1,13,hedl,delta_f1,-0.034097615751480154
rq1,ours,loao/cicids2017/Z1/seed_13,loao,cicids2017,Z1,13,hedl,far,0.024175824175824177
rq1,ours,loao/cicids2017/Z1/seed_13,loao,cicids2017,Z1,13,hedl,fpr95,0.41318681318681316
rq1,ours,loao/cicids2017/Z1/seed_13,loao,cicids2017,Z1,13,hedl,frr,0.4888888888888889
rq1,ours,loao/cicids2017/Z1/seed_13,loao,cicids2017,Z1,13,hedl,known_accuracy,0.25054945054945055
rq1,ours,loao/cicids2017/Z1/seed_13,loao,cicids2017,Z1,13,hedl,known_macro_f1,0.20452708081032311
rq1,ours,loao/cicids2017/Z1/seed_13,loao,cicids2017,Z1,13,hedl,known_weighted_f1,0.20532294381133254
rq1,ours,loao/cicids2017/Z1/seed_13,loao,cicids2017,Z1,13,hedl,open_world_macro_f1,0.2307856918633314
rq1,ours,loao/cicids2017/Z1/seed_13,loao,cicids2017,Z1,13,hedl,oscr,0.2391941391941392
rq1,ours,loao/cicids2017/Z1/seed_13,loao,cicids2017,Z1,13,hedl,scorer_density_reference_size,500.0
rq1,ours,loao/cicids2017/Z1/seed_13,loao,cicids2017,Z1,13,hedl,scorer_density_selection_margin,0.1
rq1,ours,loao/cicids2017/Z1/seed_13,loao,cicids2017,Z1,13,hedl,scorer_proxy_density_auroc,0.733366
rq1,ours,loao/cicids2017/Z1/seed_13,loao,cicids2017,Z1,13,hedl,scorer_proxy_evidential_auroc,0.4995254
rq1,ours,loao/cicids2017/Z1/seed_13,loao,cicids2017,Z1,13,hedl,tpr_at_0_1_fpr,0.0
rq1,ours,loao/cicids2017/Z1/seed_13,loao,cicids2017,Z1,13,hedl,tpr_at_1_fpr,0.044444444444444446
rq1,ours,loao/cicids2017/Z1/seed_13,loao,cicids2017,Z1,13,hedl,tpr_at_5_fpr,0.8
rq1,ours,loao/cicids2017/Z1/seed_13,loao,cicids2017,Z1,13,hedl,unknown_auroc,0.9155555555555555
rq1,ours,loao/cicids2017/Z1/seed_13,loao,cicids2017,Z1,13,hedl,unknown_f1,0.5822784810126582
rq1,ours,loao/cicids2017/Z1/seed_13,loao,cicids2017,Z1,13,hedl,unknown_precision,0.6764705882352942
rq1,ours,loao/cicids2017/Z1/seed_13,loao,cicids2017,Z1,13,hedl,unknown_recall,0.5111111111111111
rq1,ours,loao/cicids2017/Z1/seed_37,loao,cicids2017,Z1,37,closed_backbone,delta_f1,0.0
rq1,ours,loao/cicids2017/Z1/seed_37,loao,cicids2017,Z1,37,closed_backbone,known_accuracy,0.8877790834312573
rq1,ours,loao/cicids2017/Z1/seed_37,loao,cicids2017,Z1,37,closed_backbone,known_macro_f1,0.8329695020722924
rq1,ours,loao/cicids2017/Z1/seed_37,loao,cicids2017,Z1,37,closed_backbone,known_weighted_f1,0.883483034538676
rq1,ours,loao/cicids2017/Z1/seed_37,loao,cicids2017,Z1,37,hedl,aupr_out,0.9763830875262551
rq1,ours,loao/cicids2017/Z1/seed_37,loao,cicids2017,Z1,37,hedl,delta_f1,0.033345454421447984
rq1,ours,loao/cicids2017/Z1/seed_37,loao,cicids2017,Z1,37,hedl,far,0.01227967097532315
rq1,ours,loao/cicids2017/Z1/seed_37,loao,cicids2017,Z1,37,hedl,fpr95,0.10111633372502937
rq1,ours,loao/cicids2017/Z1/seed_37,loao,cicids2017,Z1,37,hedl,frr,0.4306
rq1,ours,loao/cicids2017/Z1/seed_37,loao,cicids2017,Z1,37,hedl,known_accuracy,0.9736780258519389
rq1,ours,loao/cicids2017/Z1/seed_37,loao,cicids2017,Z1,37,hedl,known_macro_f1,0.8663149564937404
rq1,ours,loao/cicids2017/Z1/seed_37,loao,cicids2017,Z1,37,hedl,known_weighted_f1,0.9722349177570616
rq1,ours,loao/cicids2017/Z1/seed_37,loao,cicids2017,Z1,37,hedl,open_world_macro_f1,0.7887720258565508
rq1,ours,loao/cicids2017/Z1/seed_37,loao,cicids2017,Z1,37,hedl,oscr,0.9546607344300823
rq1,ours,loao/cicids2017/Z1/seed_37,loao,cicids2017,Z1,37,hedl,scorer_density_reference_size,4096.0
rq1,ours,loao/cicids2017/Z1/seed_37,loao,cicids2017,Z1,37,hedl,scorer_density_selection_margin,0.2
rq1,ours,loao/cicids2017/Z1/seed_37,loao,cicids2017,Z1,37,hedl,scorer_proxy_density_auroc,0.8767516851425171
rq1,ours,loao/cicids2017/Z1/seed_37,loao,cicids2017,Z1,37,hedl,scorer_proxy_evidential_auroc,0.9855260848999023
rq1,ours,loao/cicids2017/Z1/seed_37,loao,cicids2017,Z1,37,hedl,tpr_at_0_1_fpr,0.0
rq1,ours,loao/cicids2017/Z1/seed_37,loao,cicids2017,Z1,37,hedl,tpr_at_1_fpr,0.51876
rq1,ours,loao/cicids2017/Z1/seed_37,loao,cicids2017,Z1,37,hedl,tpr_at_5_fpr,0.86704
rq1,ours,loao/cicids2017/Z1/seed_37,loao,cicids2017,Z1,37,hedl,unknown_auroc,0.9760342878965922
rq1,ours,loao/cicids2017/Z1/seed_37,loao,cicids2017,Z1,37,hedl,unknown_f1,0.7217827806510496
rq1,ours,loao/cicids2017/Z1/seed_37,loao,cicids2017,Z1,37,hedl,unknown_precision,0.9855303240099695
rq1,ours,loao/cicids2017/Z1/seed_37,loao,cicids2017,Z1,37,hedl,unknown_recall,0.5694
rq1,ours,loao/cicids2017/Z1/seed_73,loao,cicids2017,Z1,73,closed_backbone,delta_f1,0.0
rq1,ours,loao/cicids2017/Z1/seed_73,loao,cicids2017,Z1,73,closed_backbone,known_accuracy,0.982256169212691
rq1,ours,loao/cicids2017/Z1/seed_73,loao,cicids2017,Z1,73,closed_backbone,known_macro_f1,0.8836020888330917
rq1,ours,loao/cicids2017/Z1/seed_73,loao,cicids2017,Z1,73,closed_backbone,known_weighted_f1,0.9807050069490504
rq1,ours,loao/cicids2017/Z1/seed_73,loao,cicids2017,Z1,73,hedl,aupr_out,0.9088056446628069
rq1,ours,loao/cicids2017/Z1/seed_73,loao,cicids2017,Z1,73,hedl,delta_f1,-0.02235933566328696
rq1,ours,loao/cicids2017/Z1/seed_73,loao,cicids2017,Z1,73,hedl,far,0.013160987074030552
rq1,ours,loao/cicids2017/Z1/seed_73,loao,cicids2017,Z1,73,hedl,fpr95,0.5039952996474736
rq1,ours,loao/cicids2017/Z1/seed_73,loao,cicids2017,Z1,73,hedl,frr,0.71288
rq1,ours,loao/cicids2017/Z1/seed_73,loao,cicids2017,Z1,73,hedl,known_accuracy,0.9708578143360752
rq1,ours,loao/cicids2017/Z1/seed_73,loao,cicids2017,Z1,73,hedl,known_macro_f1,0.8612427531698047
rq1,ours,loao/cicids2017/Z1/seed_73,loao,cicids2017,Z1,73,hedl,known_weighted_f1,0.9694767635643656
rq1,ours,loao/cicids2017/Z1/seed_73,loao,cicids2017,Z1,73,hedl,open_world_macro_f1,0.7321526220431412
rq1,ours,loao/cicids2017/Z1/seed_73,loao,cicids2017,Z1,73,hedl,oscr,0.8647442338425381
rq1,ours,loao/cicids2017/Z1/seed_73,loao,cicids2017,Z1,73,hedl,scorer_density_reference_size,4096.0
rq1,ours,loao/cicids2017/Z1/seed_73,loao,cicids2017,Z1,73,hedl,scorer_density_selection_margin,0.2
rq1,ours,loao/cicids2017/Z1/seed_73,loao,cicids2017,Z1,73,hedl,scorer_proxy_density_auroc,0.8768682479858398
rq1,ours,loao/cicids2017/Z1/seed_73,loao,cicids2017,Z1,73,hedl,scorer_proxy_evidential_auroc,0.9858753442764281
rq1,ours,loao/cicids2017/Z1/seed_73,loao,cicids2017,Z1,73,hedl,tpr_at_0_1_fpr,0.0
rq1,ours,loao/cicids2017/Z1/seed_73,loao,cicids2017,Z1,73,hedl,tpr_at_1_fpr,0.26208
rq1,ours,loao/cicids2017/Z1/seed_73,loao,cicids2017,Z1,73,hedl,tpr_at_5_fpr,0.52296
rq1,ours,loao/cicids2017/Z1/seed_73,loao,cicids2017,Z1,73,hedl,unknown_auroc,0.8800839259694477
rq1,ours,loao/cicids2017/Z1/seed_73,loao,cicids2017,Z1,73,hedl,unknown_f1,0.4430590704277514
rq1,ours,loao/cicids2017/Z1/seed_73,loao,cicids2017,Z1,73,hedl,unknown_precision,0.9697379086733315
rq1,ours,loao/cicids2017/Z1/seed_73,loao,cicids2017,Z1,73,hedl,unknown_recall,0.28712
rq1,baselines,loao/cicids2017/Z1/seed_13,loao,cicids2017,Z1,13,closr,aupr_out,0.31758233907924904
rq1,baselines,loao/cicids2017/Z1/seed_13,loao,cicids2017,Z1,13,closr,closed_reference_macro_f1,0.23862469656180327
rq1,baselines,loao/cicids2017/Z1/seed_13,loao,cicids2017,Z1,13,closr,delta_f1,0.38929464364796873
rq1,baselines,loao/cicids2017/Z1/seed_13,loao,cicids2017,Z1,13,closr,far,0.015384615384615385
rq1,baselines,loao/cicids2017/Z1/seed_13,loao,cicids2017,Z1,13,closr,fpr95,0.567032967032967
rq1,baselines,loao/cicids2017/Z1/seed_13,loao,cicids2017,Z1,13,closr,frr,0.8
rq1,baselines,loao/cicids2017/Z1/seed_13,loao,cicids2017,Z1,13,closr,known_accuracy,0.6659340659340659
rq1,baselines,loao/cicids2017/Z1/seed_13,loao,cicids2017,Z1,13,closr,known_macro_f1,0.627919340209772
rq1,baselines,loao/cicids2017/Z1/seed_13,loao,cicids2017,Z1,13,closr,known_weighted_f1,0.6274292292358109
rq1,baselines,loao/cicids2017/Z1/seed_13,loao,cicids2017,Z1,13,closr,open_world_macro_f1,0.5780633574595636
rq1,baselines,loao/cicids2017/Z1/seed_13,loao,cicids2017,Z1,13,closr,oscr,0.5475457875457875
rq1,baselines,loao/cicids2017/Z1/seed_13,loao,cicids2017,Z1,13,closr,tpr_at_0_1_fpr,0.0
rq1,baselines,loao/cicids2017/Z1/seed_13,loao,cicids2017,Z1,13,closr,tpr_at_1_fpr,0.022222222222222223
rq1,baselines,loao/cicids2017/Z1/seed_13,loao,cicids2017,Z1,13,closr,tpr_at_5_fpr,0.35555555555555557
rq1,baselines,loao/cicids2017/Z1/seed_13,loao,cicids2017,Z1,13,closr,unknown_auroc,0.7776312576312576
rq1,baselines,loao/cicids2017/Z1/seed_13,loao,cicids2017,Z1,13,closr,unknown_f1,0.29508196721311475
rq1,baselines,loao/cicids2017/Z1/seed_13,loao,cicids2017,Z1,13,closr,unknown_precision,0.5625
rq1,baselines,loao/cicids2017/Z1/seed_13,loao,cicids2017,Z1,13,closr,unknown_recall,0.2
rq1,baselines,loao/cicids2017/Z1/seed_13,loao,cicids2017,Z1,13,docpp,aupr_out,0.12442909094265367
rq1,baselines,loao/cicids2017/Z1/seed_13,loao,cicids2017,Z1,13,docpp,closed_reference_macro_f1,0.23862469656180327
rq1,baselines,loao/cicids2017/Z1/seed_13,loao,cicids2017,Z1,13,docpp,delta_f1,-0.21362889558627915
rq1,baselines,loao/cicids2017/Z1/seed_13,loao,cicids2017,Z1,13,docpp,far,0.02197802197802198
rq1,baselines,loao/cicids2017/Z1/seed_13,loao,cicids2017,Z1,13,docpp,fpr95,0.8725274725274725
rq1,baselines,loao/cicids2017/Z1/seed_13,loao,cicids2017,Z1,13,docpp,frr,0.9111111111111111
rq1,baselines,loao/cicids2017/Z1/seed_13,loao,cicids2017,Z1,13,docpp,known_accuracy,0.0945054945054945
rq1,baselines,loao/cicids2017/Z1/seed_13,loao,cicids2017,Z1,13,docpp,known_macro_f1,0.02499580097552412
rq1,baselines,loao/cicids2017/Z1/seed_13,loao,cicids2017,Z1,13,docpp,known_weighted_f1,0.02518013789495281
rq1,baselines,loao/cicids2017/Z1/seed_13,loao,cicids2017,Z1,13,docpp,open_world_macro_f1,0.03306791751294973
rq1,baselines,loao/cicids2017/Z1/seed_13,loao,cicids2017,Z1,13,docpp,oscr,0.06446886446886446
rq1,baselines,loao/cicids2017/Z1/seed_13,loao,cicids2017,Z1,13,docpp,tpr_at_0_1_fpr,0.022222222222222223
rq1,baselines,loao/cicids2017/Z1/seed_13,loao,cicids2017,Z1,13,docpp,tpr_at_1_fpr,0.06666666666666667
rq1,baselines,loao/cicids2017/Z1/seed_13,loao,cicids2017,Z1,13,docpp,tpr_at_5_fpr,0.1111111111111111
rq1,baselines,loao/cicids2017/Z1/seed_13,loao,cicids2017,Z1,13,docpp,unknown_auroc,0.30036630036630035
rq1,baselines,loao/cicids2017/Z1/seed_13,loao,cicids2017,Z1,13,docpp,unknown_f1,0.13559322033898305
rq1,baselines,loao/cicids2017/Z1/seed_13,loao,cicids2017,Z1,13,docpp,unknown_precision,0.2857142857142857
rq1,baselines,loao/cicids2017/Z1/seed_13,loao,cicids2017,Z1,13,docpp,unknown_recall,0.08888888888888889
rq1,baselines,loao/cicids2017/Z1/seed_13,loao,cicids2017,Z1,13,efc,aupr_out,0.3644565379074199
rq1,baselines,loao/cicids2017/Z1/seed_13,loao,cicids2017,Z1,13,efc,closed_reference_macro_f1,0.23862469656180327
rq1,baselines,loao/cicids2017/Z1/seed_13,loao,cicids2017,Z1,13,efc,delta_f1,0.4886789753275965
rq1,baselines,loao/cicids2017/Z1/seed_13,loao,cicids2017,Z1,13,efc,far,0.004395604395604396
rq1,baselines,loao/cicids2017/Z1/seed_13,loao,cicids2017,Z1,13,efc,fpr95,0.810989010989011
rq1,baselines,loao/cicids2017/Z1/seed_13,loao,cicids2017,Z1,13,efc,frr,0.9333333333333333
rq1,baselines,loao/cicids2017/Z1/seed_13,loao,cicids2017,Z1,13,efc,known_accuracy,0.756043956043956
rq1,baselines,loao/cicids2017/Z1/seed_13,loao,cicids2017,Z1,13,efc,known_macro_f1,0.7273036718893998
rq1,baselines,loao/cicids2017/Z1/seed_13,loao,cicids2017,Z1,13,efc,known_weighted_f1,0.7275580885502289
rq1,baselines,loao/cicids2017/Z1/seed_13,loao,cicids2017,Z1,13,efc,open_world_macro_f1,0.6567114729532406
rq1,baselines,loao/cicids2017/Z1/seed_13,loao,cicids2017,Z1,13,efc,oscr,0.49352869352869355
rq1,baselines,loao/cicids2017/Z1/seed_13,loao,cicids2017,Z1,13,efc,tpr_at_0_1_fpr,0.0
rq1,baselines,loao/cicids2017/Z1/seed_13,loao,cicids2017,Z1,13,efc,tpr_at_1_fpr,0.08888888888888889
rq1,baselines,loao/cicids2017/Z1/seed_13,loao,cicids2017,Z1,13,efc,tpr_at_5_fpr,0.5777777777777777
rq1,baselines,loao/cicids2017/Z1/seed_13,loao,cicids2017,Z1,13,efc,unknown_auroc,0.659023199023199
rq1,baselines,loao/cicids2017/Z1/seed_13,loao,cicids2017,Z1,13,efc,unknown_f1,0.12
rq1,baselines,loao/cicids2017/Z1/seed_13,loao,cicids2017,Z1,13,efc,unknown_precision,0.6
rq1,baselines,loao/cicids2017/Z1/seed_13,loao,cicids2017,Z1,13,efc,unknown_recall,0.06666666666666667
rq1,baselines,loao/cicids2017/Z1/seed_13,loao,cicids2017,Z1,13,ori,aupr_out,0.5732539202020392
rq1,baselines,loao/cicids2017/Z1/seed_13,loao,cicids2017,Z1,13,ori,closed_reference_macro_f1,0.23862469656180327
rq1,baselines,loao/cicids2017/Z1/seed_13,loao,cicids2017,Z1,13,ori,delta_f1,0.6594157690915113
rq1,baselines,loao/cicids2017/Z1/seed_13,loao,cicids2017,Z1,13,ori,far,0.01098901098901099
rq1,baselines,loao/cicids2017/Z1/seed_13,loao,cicids2017,Z1,13,ori,fpr95,0.11648351648351649
rq1,baselines,loao/cicids2017/Z1/seed_13,loao,cicids2017,Z1,13,ori,frr,0.9111111111111111
rq1,baselines,loao/cicids2017/Z1/seed_13,loao,cicids2017,Z1,13,ori,known_accuracy,0.9032967032967033
rq1,baselines,loao/cicids2017/Z1/seed_13,loao,cicids2017,Z1,13,ori,known_macro_f1,0.8980404656533146
rq1,baselines,loao/cicids2017/Z1/seed_13,loao,cicids2017,Z1,13,ori,known_weighted_f1,0.8987785510288426
rq1,baselines,loao/cicids2017/Z1/seed_13,loao,cicids2017,Z1,13,ori,open_world_macro_f1,0.8068496333711753
rq1,baselines,loao/cicids2017/Z1/seed_13,loao,cicids2017,Z1,13,ori,oscr,0.8762637362637362
rq1,baselines,loao/cicids2017/Z1/seed_13,loao,cicids2017,Z1,13,ori,tpr_at_0_1_fpr,0.0
rq1,baselines,loao/cicids2017/Z1/seed_13,loao,cicids2017,Z1,13,ori,tpr_at_1_fpr,0.044444444444444446
rq1,baselines,loao/cicids2017/Z1/seed_13,loao,cicids2017,Z1,13,ori,tpr_at_5_fpr,0.7333333333333333
rq1,baselines,loao/cicids2017/Z1/seed_13,loao,cicids2017,Z1,13,ori,unknown_auroc,0.9586813186813187
rq1,baselines,loao/cicids2017/Z1/seed_13,loao,cicids2017,Z1,13,ori,unknown_f1,0.14814814814814814
rq1,baselines,loao/cicids2017/Z1/seed_13,loao,cicids2017,Z1,13,ori,unknown_precision,0.4444444444444444
rq1,baselines,loao/cicids2017/Z1/seed_13,loao,cicids2017,Z1,13,ori,unknown_recall,0.08888888888888889
rq1,baselines,loao/cicids2017/Z1/seed_13,loao,cicids2017,Z1,13,renoir_dml,aupr_out,0.5844689119791906
rq1,baselines,loao/cicids2017/Z1/seed_13,loao,cicids2017,Z1,13,renoir_dml,closed_reference_macro_f1,0.23862469656180327
rq1,baselines,loao/cicids2017/Z1/seed_13,loao,cicids2017,Z1,13,renoir_dml,delta_f1,0.3898217937658981
rq1,baselines,loao/cicids2017/Z1/seed_13,loao,cicids2017,Z1,13,renoir_dml,far,0.01978021978021978
rq1,baselines,loao/cicids2017/Z1/seed_13,loao,cicids2017,Z1,13,renoir_dml,fpr95,0.5406593406593406
rq1,baselines,loao/cicids2017/Z1/seed_13,loao,cicids2017,Z1,13,renoir_dml,frr,0.6666666666666666
rq1,baselines,loao/cicids2017/Z1/seed_13,loao,cicids2017,Z1,13,renoir_dml,known_accuracy,0.6659340659340659
rq1,baselines,loao/cicids2017/Z1/seed_13,loao,cicids2017,Z1,13,renoir_dml,known_macro_f1,0.6284464903277014
rq1,baselines,loao/cicids2017/Z1/seed_13,loao,cicids2017,Z1,13,renoir_dml,known_weighted_f1,0.6282198885319734
rq1,baselines,loao/cicids2017/Z1/seed_13,loao,cicids2017,Z1,13,renoir_dml,open_world_macro_f1,0.5954004465711142
rq1,baselines,loao/cicids2017/Z1/seed_13,loao,cicids2017,Z1,13,renoir_dml,oscr,0.6049328449328449
rq1,baselines,loao/cicids2017/Z1/seed_13,loao,cicids2017,Z1,13,renoir_dml,tpr_at_0_1_fpr,0.044444444444444446
rq1,baselines,loao/cicids2017/Z1/seed_13,loao,cicids2017,Z1,13,renoir_dml,tpr_at_1_fpr,0.3333333333333333
rq1,baselines,loao/cicids2017/Z1/seed_13,loao,cicids2017,Z1,13,renoir_dml,tpr_at_5_fpr,0.7777777777777778
rq1,baselines,loao/cicids2017/Z1/seed_13,loao,cicids2017,Z1,13,renoir_dml,unknown_auroc,0.8814163614163614
rq1,baselines,loao/cicids2017/Z1/seed_13,loao,cicids2017,Z1,13,renoir_dml,unknown_f1,0.43478260869565216
rq1,baselines,loao/cicids2017/Z1/seed_13,loao,cicids2017,Z1,13,renoir_dml,unknown_precision,0.625
rq1,baselines,loao/cicids2017/Z1/seed_13,loao,cicids2017,Z1,13,renoir_dml,unknown_recall,0.3333333333333333
