Label1,N1,Acc1,Label2,Acc2,N2,Label3,N3,Acc3,Label4,N4,Acc4,Label5,N5,Acc5,Total Acc
attack_portscan,189,100.0,FTPPatator,100.0,2,SSHPatator,29,100.0,Web_BruteForce,1001,100.0,attack_bot,0,16.871416871416873,83.36065573770492
attack_portscan,26,100.0,FTPPatator,100.0,1,SSHPatator,8,99.9260901699926,Web_BruteForce,1317,100.0,DOS_SlowHttpTest,0,4.363905325443787,80.85798816568047
attack_portscan,7,100.0,FTPPatator,100.0,1,SSHPatator,11,99.9260901699926,Web_BruteForce,1333,100.0,DOS_Hulk,0,5.9171597633136095,81.16863905325444
attack_portscan,662,100.0,FTPPatator,100.0,94,SSHPatator,18,99.9260901699926,Web_BruteForce,578,100.0,DOS_SlowLoris,0,18.56508875739645,83.69822485207101
attack_portscan,0,100.0,FTPPatator,100.0,0,SSHPatator,2,100.0,Web_BruteForce,673,100.0,Web_XSS,0,0.0,80.02958579881657
attack_DDOS,1222,100.0,attack_portscan,100.0,0,DOS_SlowHttpTest,130,99.9260901699926,Web_BruteForce,0,95.9319526627219,FTPPatator,0,10.946745562130179,81.36094674556213
attack_DDOS,664,100.0,attack_portscan,100.0,490,DOS_SlowHttpTest,54,99.91809991809993,Web_BruteForce,13,96.06557377049181,attack_bot,0,11.547911547911548,81.49180327868852
attack_DDOS,7,100.0,attack_portscan,100.0,11,DOS_SlowHttpTest,1331,99.9260901699926,Web_BruteForce,3,95.9319526627219,DOS_SlowLoris,0,2.366863905325444,79.64497041420118
attack_DDOS,0,100.0,attack_portscan,100.0,0,DOS_SlowHttpTest,9,100.0,Web_BruteForce,666,95.86410635155096,Web_XSS,0,1.7777777777777777,79.55621301775147
attack_DDOS,184,100.0,attack_portscan,100.0,0,DOS_SlowHttpTest,1167,99.9260901699926,Web_BruteForce,1,95.9319526627219,DOS_GoldenEye,0,19.00887573964497,82.9733727810651
DOS_SlowLoris,57,99.85141158989599,DOS_Hulk,99.70544918998527,609,DOS_GoldenEye,9,99.85207100591717,FTPPatator,0,100.0,Web_XSS,0,58.81481481481482,91.65680473372781
DOS_SlowLoris,55,99.91796554552911,DOS_Hulk,99.75389663658737,988,DOS_GoldenEye,178,99.91809991809993,FTPPatator,0,100.0,attack_bot,0,49.221949221949224,89.75409836065573
DOS_SlowLoris,2177,99.92291880781089,DOS_Hulk,99.82014388489209,1,DOS_GoldenEye,1712,99.94863893168979,FTPPatator,0,100.0,DOS_SlowHttpTest,0,30.231362467866322,85.9917780061665
DOS_SlowLoris,40,99.88132911392405,DOS_Hulk,99.84189723320158,746,DOS_GoldenEye,8,99.96044303797468,FTPPatator,1733,100.0,SSHPatator,0,81.00514444004749,96.13924050632912
DOS_SlowLoris,3889,99.92291880781089,DOS_Hulk,99.82014388489209,1,DOS_GoldenEye,0,99.94863893168979,FTPPatator,0,100.0,attack_portscan,0,0.35989717223650386,80.02055498458377
DOS_SlowLoris,122,99.9259807549963,DOS_Hulk,99.77810650887574,1158,DOS_GoldenEye,71,99.9260901699926,FTPPatator,0,100.0,Web_BruteForce,0,56.40266469282014,91.21301775147928
attack_DDOS,1100,100.0,DOS_Hulk,99.83593109105826,80,DOS_GoldenEye,41,99.83619983619984,FTPPatator,0,100.0,attack_bot,0,47.82964782964783,89.49180327868852
attack_DDOS,81,99.96044303797468,DOS_Hulk,99.9209486166008,1226,DOS_GoldenEye,95,99.92088607594937,FTPPatator,1125,100.0,SSHPatator,0,83.10249307479224,96.58227848101266
attack_DDOS,25,99.9743128692525,DOS_Hulk,99.8972250770812,1770,DOS_GoldenEye,1862,99.89727786337956,FTPPatator,232,100.0,DOS_SlowLoris,0,37.413216765235276,87.44604316546763
attack_DDOS,3881,99.97436554729556,DOS_Hulk,99.8974358974359,18,DOS_GoldenEye,0,99.89748846745259,FTPPatator,0,100.0,attack_portscan,0,99.87176199025392,99.92820512820512
attack_DDOS,48,100.0,DOS_Hulk,99.85207100591717,1232,DOS_GoldenEye,71,99.85218033998522,FTPPatator,0,100.0,Web_BruteForce,0,2.5906735751295336,80.4733727810651
attack_portscan,258,99.70282317979198,FTPPatator,100.0,0,Web_BruteForce,384,6.656804733727811,Web_XSS,34,3.698224852071006,attack_bot,0,87.72189349112426,59.55621301775148
attack_portscan,0,99.70282317979198,FTPPatator,100.0,2,Web_BruteForce,188,6.656804733727811,Web_XSS,486,3.698224852071006,DOS_GoldenEye,0,75.59171597633136,57.1301775147929
attack_portscan,1,99.70282317979198,FTPPatator,100.0,0,Web_BruteForce,65,6.656804733727811,Web_XSS,610,3.698224852071006,DOS_Hulk,0,42.01183431952663,50.414201183431956
attack_portscan,274,99.70282317979198,FTPPatator,100.0,52,Web_BruteForce,30,6.656804733727811,Web_XSS,320,3.698224852071006,DOS_SlowLoris,0,14.053254437869821,44.82248520710059
attack_portscan,0,99.70282317979198,FTPPatator,100.0,530,Web_BruteForce,0,6.656804733727811,Web_XSS,146,3.698224852071006,SSHPatator,0,88.01775147928994,59.61538461538461
attack_DDOS,0,99.70282317979198,DOS_SlowHttpTest,99.41089837997055,1,DOS_GoldenEye,7,100.0,Web_BruteForce,667,99.85228951255539,Web_XSS,0,0.2962962962962963,79.88165680473372
attack_DDOS,0,99.85196150999259,DOS_SlowHttpTest,99.48224852071006,145,DOS_GoldenEye,0,99.85218033998522,Web_BruteForce,1207,99.92603550295857,attack_portscan,0,99.70414201183432,99.76331360946746
attack_DDOS,0,99.85196150999259,DOS_SlowHttpTest,99.48224852071006,601,DOS_GoldenEye,738,99.85218033998522,Web_BruteForce,13,99.92603550295857,DOS_SlowLoris,0,10.059171597633137,81.83431952662721
attack_DDOS,0,99.85196150999259,DOS_SlowHttpTest,99.48224852071006,0,DOS_GoldenEye,0,99.85218033998522,Web_BruteForce,1352,99.92603550295857,FTPPatator,0,0.0,79.8224852071006
attack_DDOS,0,99.85196150999259,DOS_SlowHttpTest,99.48224852071006,4,DOS_GoldenEye,1344,99.85218033998522,Web_BruteForce,4,99.92603550295857,DOS_Hulk,0,0.7396449704142012,79.97041420118343
attack_bot,0,100.0,DOS_SlowHttpTest,99.26362297496318,0,DOS_SlowLoris,0,99.55621301775149,Web_XSS,676,99.85207100591717,SSHPatator,0,0.0,79.73372781065089
attack_bot,671,100.0,DOS_SlowHttpTest,99.26362297496318,0,DOS_SlowLoris,3,99.55621301775149,Web_XSS,2,99.85207100591717,attack_portscan,0,92.45562130177515,98.22485207100591
attack_bot,585,100.0,DOS_SlowHttpTest,99.26362297496318,7,DOS_SlowLoris,33,99.55621301775149,Web_XSS,51,99.85207100591717,attack_DDOS,0,38.01775147928994,87.33727810650888
attack_bot,0,100.0,DOS_SlowHttpTest,99.26362297496318,31,DOS_SlowLoris,0,99.55621301775149,Web_XSS,645,99.85207100591717,Web_BruteForce,0,2.0710059171597637,80.14792899408285
attack_bot,0,100.0,DOS_SlowHttpTest,99.26362297496318,302,DOS_SlowLoris,87,99.55621301775149,Web_XSS,287,99.85207100591717,DOS_GoldenEye,0,59.02366863905325,91.53846153846153
attack_bot,2,100.0,DOS_SlowHttpTest,99.26362297496318,36,DOS_SlowLoris,520,99.55621301775149,Web_XSS,118,99.85207100591717,DOS_Hulk,0,52.95857988165681,90.32544378698225
attack_bot,740,100.0,DOS_Hulk,99.34372436423298,480,SSHPatator,1,100.0,Web_BruteForce,1,100.0,attack_DDOS,0,30.441898527004913,85.93442622950819
attack_bot,56,100.0,DOS_Hulk,99.34372436423298,962,SSHPatator,3,100.0,Web_BruteForce,201,100.0,DOS_SlowHttpTest,0,30.032733224222586,85.85245901639344
attack_bot,1222,100.0,DOS_Hulk,99.34372436423298,0,SSHPatator,0,100.0,Web_BruteForce,0,100.0,FTPPatator,0,0.0,79.8360655737705
attack_bot,1,100.0,DOS_Hulk,99.11634756995582,6,SSHPatator,0,100.0,Web_BruteForce,668,100.0,Web_XSS,0,0.4444444444444444,79.94082840236686
attack_bot,1027,100.0,DOS_Hulk,99.34372436423298,192,SSHPatator,0,100.0,Web_BruteForce,3,100.0,attack_portscan,0,98.19967266775778,99.50819672131148
attack_bot,91,100.0,DOS_Hulk,99.34372436423298,1121,SSHPatator,0,100.0,Web_BruteForce,10,100.0,DOS_SlowLoris,0,24.631751227495908,84.77049180327869
DOS_SlowLoris,1348,98.88971132494449,DOS_Hulk,98.96449704142012,0,SSHPatator,0,99.9260901699926,Web_BruteForce,4,99.92603550295857,attack_portscan,0,99.63017751479289,99.46745562130178
DOS_SlowLoris,1000,98.88971132494449,DOS_Hulk,98.96449704142012,165,SSHPatator,0,99.9260901699926,Web_BruteForce,187,99.92603550295857,DOS_SlowHttpTest,0,33.357988165680474,86.21301775147928
DOS_SlowLoris,22,98.88971132494449,DOS_Hulk,98.96449704142012,1315,SSHPatator,7,99.9260901699926,Web_BruteForce,8,99.92603550295857,DOS_GoldenEye,0,6.43491124260355,80.82840236686391
DOS_SlowLoris,1350,98.88971132494449,DOS_Hulk,98.96449704142012,1,SSHPatator,0,99.9260901699926,Web_BruteForce,1,99.92603550295857,FTPPatator,0,5.399408284023669,80.62130177514793
DOS_SlowLoris,0,98.6627043090639,DOS_Hulk,98.37997054491899,5,SSHPatator,2,100.0,Web_BruteForce,668,99.85228951255539,Web_XSS,0,0.2962962962962963,79.46745562130178
attack_bot,16,100.0,attack_DDOS,100.0,1,DOS_SlowHttpTest,653,99.2603550295858,DOS_SlowLoris,5,98.22747415066469,Web_XSS,0,10.814814814814815,81.68639053254438
attack_bot,4,100.0,attack_DDOS,100.0,688,DOS_SlowHttpTest,138,99.42669942669943,DOS_SlowLoris,392,97.78688524590164,DOS_Hulk,0,51.800327332242226,89.78688524590164
attack_bot,0,100.0,attack_DDOS,100.0,0,DOS_SlowHttpTest,1,99.42669942669943,DOS_SlowLoris,1221,97.78688524590164,FTPPatator,0,0.7364975450081833,79.55737704918033
attack_bot,66,100.0,attack_DDOS,100.0,0,DOS_SlowHttpTest,1156,99.42669942669943,DOS_SlowLoris,0,97.78688524590164,Web_BruteForce,0,11.374795417348608,81.68852459016394
attack_DDOS,258,99.91796554552911,attack_portscan,100.0,489,DOS_GoldenEye,439,100.0,SSHPatator,35,100.0,attack_bot,0,52.170352170352174,90.40983606557377
attack_DDOS,0,99.96044303797468,attack_portscan,100.0,2,DOS_GoldenEye,2522,100.0,SSHPatator,4,100.0,DOS_Hulk,0,0.23734177215189875,80.03955696202532
attack_DDOS,112,99.96044303797468,attack_portscan,100.0,1098,DOS_GoldenEye,1318,100.0,SSHPatator,0,100.0,DOS_SlowLoris,0,1.3053797468354431,80.25316455696202
attack_DDOS,0,99.96044303797468,attack_portscan,100.0,10,DOS_GoldenEye,2476,100.0,SSHPatator,42,100.0,DOS_SlowHttpTest,0,29.865506329113924,85.96518987341773
attack_DDOS,19,99.85141158989599,attack_portscan,100.0,36,DOS_GoldenEye,7,100.0,SSHPatator,613,100.0,Web_XSS,0,36.888888888888886,87.36686390532545
attack_bot,782,100.0,DOS_SlowHttpTest,99.17965545529123,0,DOS_Hulk,243,99.34479934479934,DOS_GoldenEye,197,99.8360655737705,attack_DDOS,0,33.306055646481184,86.31147540983606
attack_bot,27,100.0,DOS_SlowHttpTest,98.96907216494846,503,DOS_Hulk,136,99.11242603550295,DOS_GoldenEye,9,99.85228951255539,Web_XSS,0,96.14814814814815,98.81656804733728
attack_bot,75,100.0,DOS_SlowHttpTest,99.17965545529123,867,DOS_Hulk,215,99.34479934479934,DOS_GoldenEye,65,99.8360655737705,Web_BruteForce,0,91.1620294599018,97.90163934426229
attack_bot,1222,100.0,DOS_SlowHttpTest,99.17965545529123,0,DOS_Hulk,0,99.34479934479934,DOS_GoldenEye,0,99.8360655737705,FTPPatator,0,0.0,79.63934426229508
attack_bot,89,100.0,DOS_SlowHttpTest,99.17965545529123,552,DOS_Hulk,58,99.34479934479934,DOS_GoldenEye,523,99.8360655737705,DOS_SlowLoris,0,51.145662847790504,89.88524590163935
attack_bot,0,100.0,attack_DDOS,99.55817378497791,0,DOS_Hulk,32,99.2603550295858,Web_XSS,644,99.70414201183432,Web_BruteForce,0,3.9940828402366866,80.50295857988165
attack_bot,674,100.0,attack_DDOS,99.55817378497791,0,DOS_Hulk,0,99.2603550295858,Web_XSS,2,99.70414201183432,attack_portscan,0,99.70414201183432,99.64497041420118
attack_bot,0,100.0,attack_DDOS,99.55817378497791,1,DOS_Hulk,669,99.2603550295858,Web_XSS,6,99.70414201183432,DOS_GoldenEye,0,2.514792899408284,80.20710059171597
attack_bot,0,100.0,attack_DDOS,99.55817378497791,0,DOS_Hulk,0,99.2603550295858,Web_XSS,676,99.70414201183432,SSHPatator,0,0.0,79.70414201183432
attack_DDOS,486,99.83593109105826,attack_portscan,100.0,427,DOS_SlowHttpTest,247,100.0,SSHPatator,61,100.0,attack_bot,0,47.74774774774775,89.50819672131148
attack_DDOS,937,99.92088607594937,attack_portscan,99.9209486166008,0,DOS_SlowHttpTest,1590,100.0,SSHPatator,1,100.0,DOS_Hulk,0,37.65822784810127,87.5
attack_DDOS,127,99.92088607594937,attack_portscan,99.9209486166008,15,DOS_SlowHttpTest,2386,100.0,SSHPatator,0,100.0,DOS_SlowLoris,0,1.661392405063291,80.3006329113924
attack_DDOS,72,99.85196150999259,attack_portscan,100.0,0,DOS_SlowHttpTest,559,100.0,SSHPatator,720,100.0,Web_BruteForce,0,61.9541080680977,92.36686390532545
attack_DDOS,1,99.92088607594937,attack_portscan,99.9209486166008,0,DOS_SlowHttpTest,0,100.0,SSHPatator,2527,100.0,FTPPatator,0,1.3844936708860758,80.24525316455696
attack_DDOS,18,99.70282317979198,attack_portscan,100.0,0,DOS_SlowHttpTest,250,100.0,SSHPatator,407,100.0,Web_XSS,0,69.18518518518518,93.78698224852072
DOS_SlowHttpTest,1,99.25980754996299,DOS_Hulk,98.66863905325444,296,DOS_GoldenEye,1055,99.70436067997043,Web_BruteForce,0,99.92603550295857,attack_DDOS,0,24.556213017751478,84.42307692307692
DOS_SlowHttpTest,647,99.25980754996299,DOS_Hulk,98.66863905325444,69,DOS_GoldenEye,636,99.70436067997043,Web_BruteForce,0,99.92603550295857,DOS_SlowLoris,0,53.69822485207101,90.25147928994083
DOS_SlowHttpTest,0,99.25980754996299,DOS_Hulk,98.66863905325444,0,DOS_GoldenEye,55,99.70436067997043,Web_BruteForce,1297,99.92603550295857,FTPPatator,0,20.192307692307693,83.55029585798816
DOS_SlowHttpTest,6,99.25980754996299,DOS_Hulk,98.66863905325444,206,DOS_GoldenEye,1,99.70436067997043,Web_BruteForce,1139,99.92603550295857,SSHPatator,0,45.93195266272189,88.69822485207101
DOS_SlowHttpTest,0,99.25980754996299,DOS_Hulk,98.66863905325444,207,DOS_GoldenEye,0,99.70436067997043,Web_BruteForce,1145,99.92603550295857,attack_portscan,0,99.85207100591717,99.48224852071006
DOS_SlowHttpTest,34,99.17965545529123,DOS_Hulk,98.76948318293684,462,DOS_GoldenEye,282,99.67239967239966,Web_BruteForce,443,99.91803278688525,attack_bot,0,84.68468468468468,96.44262295081967
attack_DDOS,0,99.70282317979198,DOS_SlowLoris,100.0,0,FTPPatator,0,100.0,Web_XSS,676,100.0,Web_BruteForce,0,0.8875739644970414,80.11834319526628
attack_DDOS,312,99.70282317979198,DOS_SlowLoris,100.0,141,FTPPatator,0,100.0,Web_XSS,223,100.0,DOS_GoldenEye,0,55.47337278106509,91.03550295857988
attack_DDOS,473,99.70282317979198,DOS_SlowLoris,100.0,0,FTPPatator,3,100.0,Web_XSS,200,100.0,SSHPatator,0,27.514792899408285,85.44378698224853
attack_DDOS,0,99.70282317979198,DOS_SlowLoris,100.0,674,FTPPatator,0,100.0,Web_XSS,2,100.0,attack_portscan,0,0.14792899408284024,79.97041420118343
attack_DDOS,3,99.70282317979198,DOS_SlowLoris,100.0,526,FTPPatator,0,100.0,Web_XSS,147,100.0,DOS_SlowHttpTest,0,4.142011834319527,80.76923076923077
attack_DDOS,165,99.70282317979198,DOS_SlowLoris,100.0,352,FTPPatator,0,100.0,Web_XSS,159,100.0,DOS_Hulk,0,56.95266272189349,91.33136094674556
attack_bot,472,99.55423476968797,DOS_Hulk,99.41089837997055,103,FTPPatator,0,100.0,Web_XSS,101,99.40828402366864,DOS_SlowHttpTest,0,22.189349112426036,84.11242603550296
attack_bot,0,99.55423476968797,DOS_Hulk,99.41089837997055,667,FTPPatator,2,100.0,Web_XSS,7,99.40828402366864,DOS_GoldenEye,0,1.9230769230769231,80.05917159763314
attack_bot,0,99.55423476968797,DOS_Hulk,99.41089837997055,34,FTPPatator,0,100.0,Web_XSS,642,99.40828402366864,Web_BruteForce,0,1.4792899408284024,79.97041420118343
attack_bot,377,99.55423476968797,DOS_Hulk,99.41089837997055,297,FTPPatator,0,100.0,Web_XSS,2,99.40828402366864,attack_DDOS,0,34.76331360946745,86.62721893491124
attack_bot,674,99.55423476968797,DOS_Hulk,99.41089837997055,0,FTPPatator,0,100.0,Web_XSS,2,99.40828402366864,attack_portscan,0,98.66863905325444,99.40828402366864
attack_bot,168,100.0,attack_portscan,99.55817378497791,0,DOS_SlowHttpTest,505,99.2603550295858,DOS_SlowLoris,2,98.22747415066469,Web_XSS,0,52.148148148148145,89.85207100591715
attack_bot,2,99.91789819376025,attack_portscan,99.67186218211648,0,DOS_SlowHttpTest,1197,99.34479934479934,DOS_SlowLoris,23,97.8688524590164,DOS_GoldenEye,0,3.8461538461538463,80.09836065573771
attack_bot,928,99.91789819376025,attack_portscan,99.67186218211648,0,DOS_SlowHttpTest,0,99.34479934479934,DOS_SlowLoris,294,97.8688524590164,FTPPatator,0,34.288052373158756,86.19672131147541
attack_bot,266,99.91789819376025,attack_portscan,99.67186218211648,0,DOS_SlowHttpTest,956,99.34479934479934,DOS_SlowLoris,0,97.8688524590164,Web_BruteForce,0,48.117839607201304,88.9672131147541
attack_bot,1095,99.91789819376025,attack_portscan,99.67186218211648,0,DOS_SlowHttpTest,126,99.34479934479934,DOS_SlowLoris,1,97.8688524590164,SSHPatator,0,18.985270049099835,83.1311475409836
attack_bot,0,100.0,attack_DDOS,100.0,1,DOS_SlowHttpTest,6,99.40828402366864,Web_BruteForce,668,100.0,Web_XSS,0,0.5925925925925926,80.02958579881657
attack_bot,1219,100.0,attack_DDOS,99.91796554552911,0,DOS_SlowHttpTest,0,99.59049959049959,Web_BruteForce,3,100.0,attack_portscan,0,14.566284779050736,82.78688524590164
attack_bot,29,100.0,attack_DDOS,99.91796554552911,972,DOS_SlowHttpTest,206,99.59049959049959,Web_BruteForce,15,100.0,DOS_Hulk,0,43.61702127659575,88.60655737704919
attack_bot,17,100.0,attack_DDOS,99.91796554552911,2,DOS_SlowHttpTest,1080,99.59049959049959,Web_BruteForce,123,100.0,DOS_SlowLoris,0,19.230769230769234,83.72131147540983
DOS_SlowHttpTest,58,99.48186528497409,DOS_Hulk,99.11242603550295,1289,SSHPatator,1,99.9260901699926,Web_BruteForce,4,99.92603550295857,DOS_GoldenEye,0,11.68639053254438,82.0266272189349
DOS_SlowHttpTest,2,99.48186528497409,DOS_Hulk,99.11242603550295,921,SSHPatator,429,99.9260901699926,Web_BruteForce,0,99.92603550295857,attack_DDOS,0,5.9171597633136095,80.87278106508876
DOS_SlowHttpTest,0,99.48186528497409,DOS_Hulk,99.11242603550295,0,SSHPatator,0,99.9260901699926,Web_BruteForce,1352,99.92603550295857,FTPPatator,0,0.0,79.68934911242603
DOS_SlowHttpTest,0,99.48186528497409,DOS_Hulk,99.11242603550295,17,SSHPatator,0,99.9260901699926,Web_BruteForce,1335,99.92603550295857,attack_portscan,0,99.70414201183432,99.6301775147929
DOS_SlowHttpTest,1,99.40564635958395,DOS_Hulk,98.67452135493373,4,SSHPatator,2,100.0,Web_BruteForce,668,99.85228951255539,Web_XSS,0,0.5925925925925926,79.73372781065089
DOS_SlowHttpTest,0,99.42575881870386,DOS_Hulk,99.17965545529123,737,SSHPatator,38,100.0,Web_BruteForce,446,99.91803278688525,attack_bot,0,21.457821457821456,83.98360655737704
attack_bot,6,100.0,DOS_GoldenEye,100.0,1064,SSHPatator,0,100.0,Web_BruteForce,152,100.0,DOS_SlowHttpTest,0,34.779050736497545,86.93442622950819
attack_bot,1219,100.0,DOS_GoldenEye,100.0,0,SSHPatator,0,100.0,Web_BruteForce,3,100.0,attack_portscan,0,0.0,79.9672131147541
attack_bot,0,100.0,DOS_GoldenEye,100.0,0,SSHPatator,0,100.0,Web_BruteForce,1222,100.0,FTPPatator,0,0.0,79.9672131147541
attack_bot,0,100.0,DOS_GoldenEye,100.0,7,SSHPatator,0,100.0,Web_BruteForce,668,100.0,Web_XSS,0,0.2962962962962963,80.08875739644971
attack_DDOS,0,99.55423476968797,DOS_Hulk,99.11634756995582,0,FTPPatator,0,100.0,Web_XSS,676,99.85207100591717,SSHPatator,0,0.0,79.70414201183432
attack_DDOS,0,99.55423476968797,DOS_Hulk,99.11634756995582,34,FTPPatator,0,100.0,Web_XSS,642,99.85207100591717,Web_BruteForce,0,0.14792899408284024,79.73372781065089
attack_DDOS,0,99.55423476968797,DOS_Hulk,99.11634756995582,565,FTPPatator,0,100.0,Web_XSS,111,99.85207100591717,DOS_SlowHttpTest,0,73.81656804733728,94.46745562130178
attack_DDOS,35,99.55423476968797,DOS_Hulk,99.11634756995582,367,FTPPatator,0,100.0,Web_XSS,274,99.85207100591717,attack_bot,0,83.57988165680473,96.42011834319527
attack_DDOS,0,99.55423476968797,DOS_Hulk,99.11634756995582,0,FTPPatator,0,100.0,Web_XSS,676,99.85207100591717,attack_portscan,0,99.70414201183432,99.64497041420118
attack_DDOS,0,99.55423476968797,DOS_Hulk,99.11634756995582,19,FTPPatator,50,100.0,Web_XSS,607,99.85207100591717,DOS_SlowLoris,0,45.41420118343195,88.78698224852072
attack_DDOS,1,99.55423476968797,DOS_Hulk,99.11634756995582,656,FTPPatator,2,100.0,Web_XSS,17,99.85207100591717,DOS_GoldenEye,0,8.431952662721894,81.3905325443787
DOS_Hulk,665,99.17965545529123,DOS_GoldenEye,100.0,111,SSHPatator,27,100.0,Web_BruteForce,418,99.91803278688525,attack_bot,0,45.7002457002457,88.95081967213115
DOS_Hulk,654,99.0377498149519,DOS_GoldenEye,100.0,698,SSHPatator,0,99.9260901699926,Web_BruteForce,0,99.92603550295857,DOS_SlowLoris,0,45.93195266272189,88.96449704142012
DOS_Hulk,2,99.10846953937593,DOS_GoldenEye,100.0,6,SSHPatator,0,100.0,Web_BruteForce,667,99.85228951255539,Web_XSS,0,0.2962962962962963,79.88165680473372
DOS_Hulk,24,99.0377498149519,DOS_GoldenEye,100.0,1201,SSHPatator,0,99.9260901699926,Web_BruteForce,127,99.92603550295857,DOS_SlowHttpTest,0,12.278106508875739,82.23372781065089
DOS_Hulk,228,99.0377498149519,DOS_GoldenEye,100.0,1073,SSHPatator,51,99.9260901699926,Web_BruteForce,0,99.92603550295857,attack_DDOS,0,16.494082840236686,83.07692307692308
DOS_Hulk,525,99.0377498149519,DOS_GoldenEye,100.0,0,SSHPatator,0,99.9260901699926,Web_BruteForce,827,99.92603550295857,attack_portscan,0,99.70414201183432,99.7189349112426
DOS_SlowLoris,534,99.9259807549963,FTPPatator,100.0,0,SSHPatator,450,99.9260901699926,Web_BruteForce,368,100.0,attack_DDOS,0,11.094674556213018,82.18934911242603
DOS_SlowLoris,1081,99.9259807549963,FTPPatator,100.0,0,SSHPatator,3,99.9260901699926,Web_BruteForce,268,100.0,DOS_SlowHttpTest,0,3.4023668639053253,80.6508875739645
DOS_SlowLoris,1068,99.9259807549963,FTPPatator,100.0,0,SSHPatator,0,99.9260901699926,Web_BruteForce,284,100.0,DOS_GoldenEye,0,15.606508875739644,83.09171597633136
DOS_SlowLoris,1348,99.9259807549963,FTPPatator,100.0,0,SSHPatator,0,99.9260901699926,Web_BruteForce,4,100.0,attack_portscan,0,0.14792899408284024,80.0
DOS_SlowLoris,611,99.91796554552911,FTPPatator,100.0,0,SSHPatator,33,100.0,Web_BruteForce,577,100.0,attack_bot,0,39.14823914823915,87.80327868852459
DOS_SlowHttpTest,22,99.25705794947994,DOS_SlowLoris,99.55817378497791,0,DOS_Hulk,653,99.70414201183432,FTPPatator,0,100.0,Web_XSS,0,1.1851851851851851,79.97041420118343
DOS_SlowHttpTest,2512,99.44620253164557,DOS_SlowLoris,99.28853754940712,6,DOS_Hulk,3,99.88132911392405,FTPPatator,6,100.0,SSHPatator,0,0.9101701622477245,79.9129746835443
DOS_SlowHttpTest,93,99.4862573850501,DOS_SlowLoris,99.17758930866101,18,DOS_Hulk,3758,99.89727786337956,FTPPatator,21,100.0,attack_DDOS,0,9.717223650385604,81.66495375128468
DOS_SlowHttpTest,0,99.4862573850501,DOS_SlowLoris,99.17758930866101,3877,DOS_Hulk,13,99.89727786337956,FTPPatator,0,100.0,attack_portscan,0,99.97429305912597,99.7070914696814
DOS_SlowHttpTest,42,99.34372436423298,DOS_SlowLoris,99.17965545529123,2,DOS_Hulk,1177,99.75429975429975,FTPPatator,0,100.0,attack_bot,0,1.1466011466011465,79.8688524590164
attack_DDOS,403,99.70282317979198,attack_portscan,99.85272459499264,1,FTPPatator,0,100.0,Web_XSS,272,100.0,DOS_Hulk,0,54.142011834319526,90.7396449704142
attack_DDOS,0,99.70282317979198,attack_portscan,99.85272459499264,274,FTPPatator,52,100.0,Web_XSS,350,100.0,DOS_SlowLoris,0,0.7396449704142012,80.05917159763314
attack_DDOS,301,99.70282317979198,attack_portscan,99.85272459499264,113,FTPPatator,0,100.0,Web_XSS,262,100.0,attack_bot,0,65.53254437869822,93.01775147928994
attack_DDOS,15,99.70282317979198,attack_portscan,99.85272459499264,4,FTPPatator,0,100.0,Web_XSS,657,100.0,DOS_SlowHttpTest,0,5.029585798816568,80.9171597633136
attack_DDOS,1,99.70282317979198,attack_portscan,99.85272459499264,0,FTPPatator,0,100.0,Web_XSS,675,100.0,Web_BruteForce,0,2.514792899408284,80.41420118343196
attack_DDOS,3219,100.0,DOS_SlowHttpTest,99.76280834914611,232,DOS_Hulk,765,99.66801043395779,DOS_GoldenEye,0,99.85765124555161,attack_portscan,0,99.9762808349146,99.8529411764706
attack_DDOS,13,100.0,DOS_SlowHttpTest,99.7948717948718,0,DOS_Hulk,1,99.64120963608406,DOS_GoldenEye,3884,99.8461143883047,FTPPatator,0,2.28322216521293,80.32307692307693
attack_DDOS,11,100.0,DOS_SlowHttpTest,99.70414201183432,393,DOS_Hulk,920,99.55654101995566,DOS_GoldenEye,27,99.77827050997783,Web_BruteForce,0,84.8260547742413,96.77514792899409
attack_DDOS,1081,100.0,DOS_SlowHttpTest,99.67186218211648,2,DOS_Hulk,120,99.5085995085995,DOS_GoldenEye,18,99.75409836065575,attack_bot,0,53.31695331695332,90.44262295081967
attack_bot,133,100.0,DOS_GoldenEye,99.85272459499264,318,FTPPatator,52,100.0,Web_XSS,173,99.55621301775149,DOS_SlowLoris,0,61.53846153846154,92.18934911242603
attack_bot,3,100.0,DOS_GoldenEye,99.85272459499264,615,FTPPatator,1,100.0,Web_XSS,57,99.55621301775149,DOS_SlowHttpTest,0,50.0,89.88165680473372
attack_bot,521,100.0,DOS_GoldenEye,99.85272459499264,133,FTPPatator,0,100.0,Web_XSS,22,99.55621301775149,attack_DDOS,0,35.20710059171598,86.92307692307692
attack_bot,4,100.0,DOS_GoldenEye,99.85272459499264,656,FTPPatator,0,100.0,Web_XSS,16,99.55621301775149,DOS_Hulk,0,18.786982248520708,83.63905325443787
attack_bot,378,100.0,DOS_GoldenEye,99.70544918998527,235,SSHPatator,0,100.0,Web_XSS,63,99.55621301775149,DOS_SlowHttpTest,0,71.89349112426035,94.23076923076923
attack_bot,0,100.0,DOS_GoldenEye,99.70544918998527,34,SSHPatator,0,100.0,Web_XSS,642,99.55621301775149,Web_BruteForce,0,0.0,79.85207100591715
attack_bot,674,100.0,DOS_GoldenEye,99.70544918998527,0,SSHPatator,0,100.0,Web_XSS,2,99.55621301775149,attack_portscan,0,97.92899408284023,99.43786982248521
attack_bot,217,100.0,DOS_GoldenEye,99.70544918998527,376,SSHPatator,0,100.0,Web_XSS,83,99.55621301775149,DOS_SlowLoris,0,56.95266272189349,91.24260355029585
attack_bot,324,100.0,DOS_GoldenEye,99.70544918998527,121,SSHPatator,226,100.0,Web_XSS,5,99.55621301775149,attack_DDOS,0,28.550295857988168,85.56213017751479
attack_bot,97,100.0,attack_DDOS,99.91796554552911,678,DOS_SlowLoris,447,100.0,SSHPatator,0,99.91803278688525,DOS_GoldenEye,0,35.59738134206219,87.06557377049181
attack_bot,12,100.0,attack_DDOS,99.91796554552911,801,DOS_SlowLoris,409,100.0,SSHPatator,0,99.91803278688525,DOS_Hulk,0,28.23240589198036,85.59016393442623
attack_bot,1,100.0,attack_DDOS,99.91796554552911,38,DOS_SlowLoris,1183,100.0,SSHPatator,0,99.91803278688525,DOS_SlowHttpTest,0,4.991816693944354,80.93442622950819
attack_bot,389,100.0,attack_DDOS,99.91796554552911,0,DOS_SlowLoris,833,100.0,SSHPatator,0,99.91803278688525,FTPPatator,0,68.73977086743044,93.70491803278688
attack_bot,283,100.0,attack_DDOS,100.0,2,DOS_SlowLoris,382,100.0,SSHPatator,8,100.0,Web_XSS,0,64.5925925925926,92.92899408284023
DOS_GoldenEye,383,100.0,FTPPatator,100.0,0,Web_BruteForce,33,9.467455621301776,Web_XSS,260,3.698224852071006,attack_bot,0,57.544378698224854,54.142011834319526
DOS_GoldenEye,669,100.0,FTPPatator,100.0,0,Web_BruteForce,3,9.467455621301776,Web_XSS,4,3.698224852071006,DOS_Hulk,0,2.0710059171597637,43.04733727810651
DOS_GoldenEye,548,100.0,FTPPatator,100.0,13,Web_BruteForce,0,9.467455621301776,Web_XSS,99,3.698224852071006,attack_DDOS,16,36.53846153846153,49.94082840236686
DOS_GoldenEye,572,100.0,FTPPatator,100.0,0,Web_BruteForce,43,9.467455621301776,Web_XSS,61,3.698224852071006,DOS_SlowHttpTest,0,36.24260355029586,49.88165680473373
DOS_GoldenEye,325,100.0,FTPPatator,100.0,45,Web_BruteForce,67,9.467455621301776,Web_XSS,239,3.698224852071006,DOS_SlowLoris,0,47.0414201183432,52.0414201183432
DOS_GoldenEye,0,100.0,FTPPatator,100.0,0,Web_BruteForce,0,9.467455621301776,Web_XSS,676,3.698224852071006,attack_portscan,0,100.0,62.633136094674555
attack_bot,0,100.0,DOS_SlowLoris,99.91796554552911,14,DOS_Hulk,1201,99.42669942669943,Web_BruteForce,7,100.0,DOS_GoldenEye,0,4.6644844517184945,80.77049180327869
attack_bot,29,100.0,DOS_SlowLoris,99.91796554552911,1191,DOS_Hulk,0,99.42669942669943,Web_BruteForce,2,100.0,attack_portscan,0,83.63338788870703,96.59016393442623
attack_bot,73,100.0,DOS_SlowLoris,99.91796554552911,29,DOS_Hulk,737,99.42669942669943,Web_BruteForce,339,100.0,SSHPatator,44,87.07037643207856,97.27868852459017
attack_bot,0,100.0,DOS_SlowLoris,99.91796554552911,929,DOS_Hulk,116,99.42669942669943,Web_BruteForce,177,100.0,DOS_SlowHttpTest,0,9.738134206219312,81.78688524590164
attack_bot,0,100.0,DOS_SlowLoris,99.85272459499264,1,DOS_Hulk,7,99.2603550295858,Web_BruteForce,667,100.0,Web_XSS,0,0.2962962962962963,79.91124260355029
attack_bot,0,100.0,DOS_SlowLoris,99.91796554552911,1222,DOS_Hulk,0,99.42669942669943,Web_BruteForce,0,100.0,FTPPatator,0,0.0,79.8360655737705
DOS_SlowHttpTest,827,99.5253164556962,DOS_SlowLoris,99.76284584980237,1699,DOS_GoldenEye,0,97.50791139240506,FTPPatator,1,100.0,SSHPatator,0,59.16106054610209,91.19462025316456
DOS_SlowHttpTest,13,99.40564635958395,DOS_SlowLoris,100.0,658,DOS_GoldenEye,4,97.7810650887574,FTPPatator,0,100.0,Web_XSS,0,2.814814814814815,80.02958579881657
DOS_SlowHttpTest,35,99.42575881870386,DOS_SlowLoris,99.83593109105826,544,DOS_GoldenEye,642,97.54299754299754,FTPPatator,0,100.0,attack_bot,0,19.328419328419326,83.21311475409836
DOS_SlowHttpTest,112,99.48186528497409,DOS_SlowLoris,99.85207100591717,1233,DOS_GoldenEye,6,97.41315594974131,FTPPatator,0,100.0,Web_BruteForce,0,8.808290155440414,81.12426035502959
DOS_SlowHttpTest,2,99.58900590804008,DOS_SlowLoris,99.82009766126959,135,DOS_GoldenEye,3753,97.40626605033384,FTPPatator,0,99.9743062692703,DOS_Hulk,0,9.100257069408741,81.18705035971223
attack_DDOS,1270,100.0,DOS_SlowHttpTest,99.55621301775149,72,SSHPatator,0,99.9260901699926,Web_BruteForce,10,99.92603550295857,DOS_Hulk,0,16.420118343195266,83.16568047337279
attack_DDOS,89,100.0,DOS_SlowHttpTest,99.55621301775149,1198,SSHPatator,0,99.9260901699926,Web_BruteForce,65,99.92603550295857,DOS_SlowLoris,0,19.00887573964497,83.68343195266272
attack_DDOS,590,100.0,DOS_SlowHttpTest,99.55621301775149,0,SSHPatator,23,99.9260901699926,Web_BruteForce,739,99.92603550295857,FTPPatator,0,84.39349112426035,96.7603550295858
attack_DDOS,0,100.0,DOS_SlowHttpTest,99.55621301775149,0,SSHPatator,0,99.9260901699926,Web_BruteForce,1352,99.92603550295857,attack_portscan,0,99.70414201183432,99.8224852071006
attack_DDOS,7,100.0,DOS_SlowHttpTest,99.26362297496318,0,SSHPatator,0,100.0,Web_BruteForce,668,99.85228951255539,Web_XSS,0,0.8888888888888888,80.02958579881657
attack_bot,0,100.0,attack_DDOS,99.41089837997055,2,attack_portscan,0,99.70414201183432,Web_XSS,674,100.0,FTPPatator,0,5.029585798816568,80.82840236686391
attack_bot,670,100.0,attack_DDOS,99.41089837997055,0,attack_portscan,0,99.70414201183432,Web_XSS,6,100.0,SSHPatator,0,0.4437869822485207,79.91124260355029
attack_bot,0,100.0,attack_DDOS,99.41089837997055,0,attack_portscan,0,99.70414201183432,Web_XSS,676,100.0,Web_BruteForce,0,0.0,79.8224852071006
attack_bot,2,100.0,attack_DDOS,99.41089837997055,4,attack_portscan,274,99.70414201183432,Web_XSS,396,100.0,DOS_SlowLoris,0,3.9940828402366866,80.62130177514793
attack_bot,191,100.0,attack_DDOS,99.41089837997055,9,attack_portscan,4,99.70414201183432,Web_XSS,472,100.0,DOS_SlowHttpTest,0,50.7396449704142,89.97041420118343
attack_bot,94,100.0,attack_DDOS,99.91796554552911,108,attack_portscan,8,99.91809991809993,Web_BruteForce,1012,100.0,DOS_SlowHttpTest,0,31.42389525368249,86.22950819672131
attack_bot,19,100.0,attack_DDOS,99.91796554552911,544,attack_portscan,528,99.91809991809993,Web_BruteForce,131,100.0,DOS_SlowLoris,0,4.909983633387888,80.91803278688525
attack_bot,63,100.0,attack_DDOS,99.91796554552911,924,attack_portscan,0,99.91809991809993,Web_BruteForce,235,100.0,DOS_GoldenEye,0,42.06219312602291,88.36065573770492
attack_bot,20,100.0,attack_DDOS,99.91796554552911,1174,attack_portscan,2,99.91809991809993,Web_BruteForce,26,100.0,DOS_Hulk,0,8.428805237315876,81.62295081967213
attack_bot,21,100.0,attack_DDOS,99.91796554552911,1199,attack_portscan,0,99.91809991809993,Web_BruteForce,2,100.0,SSHPatator,0,20.376432078559738,84.01639344262296
attack_bot,359,93.43185550082102,attack_portscan,99.2616899097621,0,DOS_SlowHttpTest,742,99.18099918099918,Web_BruteForce,121,99.672131147541,FTPPatator,0,83.55155482815057,95.01639344262296
attack_bot,997,93.43185550082102,attack_portscan,99.2616899097621,0,DOS_SlowHttpTest,222,99.18099918099918,Web_BruteForce,3,99.672131147541,DOS_Hulk,0,29.950900163666123,84.27868852459017
attack_bot,1187,93.43185550082102,attack_portscan,99.2616899097621,0,DOS_SlowHttpTest,35,99.18099918099918,Web_BruteForce,0,99.672131147541,attack_DDOS,0,16.857610474631752,81.65573770491804
attack_bot,3,94.50222882615155,attack_portscan,99.26362297496318,0,DOS_SlowHttpTest,5,98.96449704142012,Web_BruteForce,667,99.70457902511079,Web_XSS,0,1.037037037037037,78.72781065088758
attack_bot,1219,93.43185550082102,attack_portscan,99.2616899097621,0,DOS_SlowHttpTest,3,99.18099918099918,Web_BruteForce,0,99.672131147541,SSHPatator,0,0.0,78.27868852459017
attack_bot,97,100.0,attack_portscan,100.0,531,DOS_GoldenEye,594,100.0,SSHPatator,0,100.0,DOS_SlowLoris,0,1.5548281505728314,80.27868852459017
attack_bot,615,100.0,attack_portscan,100.0,2,DOS_GoldenEye,58,100.0,SSHPatator,0,100.0,Web_XSS,0,78.37037037037037,95.68047337278107
attack_bot,6,100.0,attack_portscan,100.0,2,DOS_GoldenEye,1214,100.0,SSHPatator,0,100.0,DOS_Hulk,0,0.7364975450081833,80.11475409836065
attack_bot,1074,100.0,attack_portscan,100.0,1,DOS_GoldenEye,147,100.0,SSHPatator,0,100.0,Web_BruteForce,0,73.81342062193126,94.75409836065573
attack_bot,1222,100.0,attack_portscan,100.0,0,DOS_GoldenEye,0,100.0,SSHPatator,0,100.0,FTPPatator,0,13.666121112929625,82.70491803278688
attack_bot,337,100.0,DOS_SlowHttpTest,99.91796554552911,885,FTPPatator,0,99.91809991809993,SSHPatator,0,100.0,Web_BruteForce,0,78.64157119476268,95.68852459016394
attack_bot,6,100.0,DOS_SlowHttpTest,99.91796554552911,1216,FTPPatator,0,99.91809991809993,SSHPatator,0,100.0,DOS_GoldenEye,0,3.764320785597381,80.68852459016394
attack_bot,1222,100.0,DOS_SlowHttpTest,99.91796554552911,0,FTPPatator,0,99.91809991809993,SSHPatator,0,100.0,attack_portscan,0,40.99836333878887,88.14754098360656
attack_bot,196,100.0,DOS_SlowHttpTest,99.85272459499264,479,FTPPatator,0,100.0,SSHPatator,0,100.0,Web_XSS,0,83.25925925925925,96.62721893491124
attack_bot,0,100.0,DOS_SlowHttpTest,99.91796554552911,1132,FTPPatator,90,99.91809991809993,SSHPatator,0,100.0,DOS_SlowLoris,0,4.500818330605565,80.8360655737705
attack_DDOS,383,99.70282317979198,FTPPatator,100.0,0,SSHPatator,2,100.0,Web_XSS,291,100.0,attack_bot,0,22.781065088757398,84.49704142011835
attack_DDOS,442,99.70282317979198,FTPPatator,100.0,0,SSHPatator,0,100.0,Web_XSS,234,100.0,DOS_Hulk,0,51.92307692307693,90.32544378698225
attack_DDOS,0,99.70282317979198,FTPPatator,100.0,0,SSHPatator,0,100.0,Web_XSS,676,100.0,attack_portscan,0,10.798816568047338,82.10059171597634
attack_DDOS,0,99.70282317979198,FTPPatator,100.0,0,SSHPatator,0,100.0,Web_XSS,676,100.0,Web_BruteForce,0,0.0,79.94082840236686
attack_bot,913,100.0,attack_DDOS,99.91796554552911,308,FTPPatator,0,100.0,SSHPatator,1,100.0,DOS_SlowHttpTest,0,11.21112929623568,82.19672131147541
attack_bot,34,100.0,attack_DDOS,99.91796554552911,1188,FTPPatator,0,100.0,SSHPatator,0,100.0,DOS_Hulk,0,4.500818330605565,80.85245901639344
attack_bot,669,100.0,attack_DDOS,100.0,6,FTPPatator,0,100.0,SSHPatator,0,100.0,Web_XSS,0,0.2962962962962963,80.08875739644971
attack_bot,610,100.0,attack_DDOS,99.91796554552911,560,FTPPatator,52,100.0,SSHPatator,0,100.0,DOS_SlowLoris,0,9.410801963993453,81.8360655737705
attack_bot,5,100.0,attack_portscan,100.0,0,SSHPatator,0,100.0,Web_BruteForce,670,100.0,Web_XSS,0,0.4444444444444444,80.11834319526628
attack_bot,572,100.0,attack_portscan,100.0,529,SSHPatator,42,100.0,Web_BruteForce,79,100.0,DOS_SlowLoris,0,14.648117839607202,82.90163934426229
attack_bot,168,100.0,attack_portscan,100.0,9,SSHPatator,10,100.0,Web_BruteForce,1035,100.0,DOS_SlowHttpTest,0,28.39607201309329,85.65573770491804
attack_bot,0,100.0,attack_portscan,100.0,0,SSHPatator,43,100.0,Web_BruteForce,1179,100.0,FTPPatator,0,36.824877250409166,87.34426229508196
attack_bot,861,100.0,attack_portscan,100.0,0,SSHPatator,360,100.0,Web_BruteForce,1,100.0,attack_DDOS,0,22.25859247135843,84.42622950819673
DOS_SlowHttpTest,582,99.40564635958395,DOS_Hulk,99.26362297496318,78,Web_BruteForce,0,8.875739644970414,Web_XSS,15,3.5502958579881656,DOS_SlowLoris,1,19.97041420118343,46.21301775147929
DOS_SlowHttpTest,34,99.40564635958395,DOS_Hulk,99.26362297496318,637,Web_BruteForce,0,8.875739644970414,Web_XSS,5,3.5502958579881656,DOS_GoldenEye,0,17.899408284023668,45.798816568047336
DOS_SlowHttpTest,0,99.40564635958395,DOS_Hulk,99.26362297496318,0,Web_BruteForce,0,8.875739644970414,Web_XSS,676,3.5502958579881656,attack_portscan,0,100.0,62.218934911242606
DOS_SlowHttpTest,29,99.40564635958395,DOS_Hulk,99.26362297496318,440,Web_BruteForce,0,8.875739644970414,Web_XSS,204,3.5502958579881656,attack_DDOS,3,37.573964497041416,49.73372781065089
DOS_SlowHttpTest,0,99.40564635958395,DOS_Hulk,99.26362297496318,3,Web_BruteForce,372,8.875739644970414,Web_XSS,301,3.5502958579881656,FTPPatator,0,100.0,62.218934911242606
attack_bot,426,100.0,DOS_Hulk,99.26362297496318,170,SSHPatator,0,100.0,Web_XSS,80,99.70414201183432,DOS_SlowHttpTest,0,45.11834319526627,88.81656804733728
attack_bot,274,100.0,DOS_Hulk,99.26362297496318,167,SSHPatator,0,100.0,Web_XSS,235,99.70414201183432,DOS_SlowLoris,0,68.78698224852072,93.55029585798816
attack_bot,0,100.0,DOS_Hulk,99.26362297496318,34,SSHPatator,0,100.0,Web_XSS,642,99.70414201183432,Web_BruteForce,0,0.591715976331361,79.91124260355029
attack_bot,0,100.0,DOS_Hulk,99.26362297496318,676,SSHPatator,0,100.0,Web_XSS,0,99.70414201183432,FTPPatator,0,0.0,79.79289940828403
attack_bot,674,100.0,DOS_Hulk,99.26362297496318,0,SSHPatator,0,100.0,Web_XSS,2,99.70414201183432,attack_portscan,0,81.21301775147928,96.03550295857988
attack_bot,0,100.0,DOS_Hulk,99.26362297496318,666,SSHPatator,1,100.0,Web_XSS,9,99.70414201183432,DOS_GoldenEye,0,3.2544378698224854,80.44378698224853
DOS_SlowLoris,0,99.85141158989599,DOS_Hulk,99.41089837997055,34,SSHPatator,0,100.0,Web_XSS,642,99.55621301775149,Web_BruteForce,0,0.0,79.76331360946746
DOS_SlowLoris,2,99.85141158989599,DOS_Hulk,99.41089837997055,413,SSHPatator,224,100.0,Web_XSS,37,99.55621301775149,attack_DDOS,0,21.005917159763314,83.96449704142012
DOS_SlowLoris,672,99.85141158989599,DOS_Hulk,99.41089837997055,0,SSHPatator,0,100.0,Web_XSS,4,99.55621301775149,FTPPatator,0,5.9171597633136095,80.94674556213018
DOS_SlowLoris,0,99.85141158989599,DOS_Hulk,99.41089837997055,386,SSHPatator,24,100.0,Web_XSS,266,99.55621301775149,attack_bot,0,35.20710059171598,86.80473372781066
DOS_SlowLoris,0,99.85141158989599,DOS_Hulk,99.41089837997055,659,SSHPatator,8,100.0,Web_XSS,9,99.55621301775149,DOS_GoldenEye,0,3.5502958579881656,80.4733727810651
DOS_SlowLoris,674,99.85141158989599,DOS_Hulk,99.41089837997055,0,SSHPatator,0,100.0,Web_XSS,2,99.55621301775149,attack_portscan,0,99.70414201183432,99.70414201183432
DOS_SlowLoris,493,99.85141158989599,DOS_Hulk,99.41089837997055,136,SSHPatator,0,100.0,Web_XSS,47,99.55621301775149,DOS_SlowHttpTest,0,8.284023668639055,81.42011834319527
DOS_SlowHttpTest,1661,99.56331877729258,DOS_Hulk,99.66598150051388,166,DOS_GoldenEye,1830,99.84591679506933,FTPPatator,232,100.0,DOS_SlowLoris,0,45.87297505785549,88.99794450154162
DOS_SlowHttpTest,57,99.48186528497409,DOS_Hulk,99.63017751479289,1269,DOS_GoldenEye,25,99.77827050997783,FTPPatator,0,100.0,Web_BruteForce,0,6.88378978534419,81.16863905325444
DOS_SlowHttpTest,0,99.56421430402462,DOS_Hulk,99.66666666666667,3899,DOS_GoldenEye,0,99.84623270117888,FTPPatator,0,100.0,attack_portscan,0,99.79481918440626,99.77435897435898
DOS_SlowHttpTest,854,99.5253164556962,DOS_Hulk,99.68379446640316,45,DOS_GoldenEye,0,99.84177215189874,FTPPatator,1628,100.0,SSHPatator,0,78.1163434903047,95.43512658227849
DOS_SlowHttpTest,0,99.25705794947994,DOS_SlowLoris,99.41089837997055,0,DOS_GoldenEye,34,98.37278106508876,Web_XSS,642,99.2603550295858,Web_BruteForce,0,1.183431952662722,79.49704142011835
DOS_SlowHttpTest,0,99.25705794947994,DOS_SlowLoris,99.41089837997055,101,DOS_GoldenEye,446,98.37278106508876,Web_XSS,129,99.2603550295858,attack_DDOS,0,68.34319526627219,92.92899408284023
DOS_SlowHttpTest,1,99.25705794947994,DOS_SlowLoris,99.41089837997055,18,DOS_GoldenEye,595,98.37278106508876,Web_XSS,62,99.2603550295858,DOS_Hulk,0,64.94082840236686,92.24852071005917
DOS_SlowHttpTest,0,99.25705794947994,DOS_SlowLoris,99.41089837997055,0,DOS_GoldenEye,0,98.37278106508876,Web_XSS,676,99.2603550295858,SSHPatator,0,0.14792899408284024,79.28994082840237
DOS_SlowHttpTest,0,99.25705794947994,DOS_SlowLoris,99.41089837997055,674,DOS_GoldenEye,0,98.37278106508876,Web_XSS,2,99.2603550295858,attack_portscan,0,99.85207100591717,99.23076923076923
attack_DDOS,0,99.70282317979198,DOS_SlowHttpTest,99.26362297496318,443,DOS_GoldenEye,203,99.55621301775149,Web_XSS,30,99.85207100591717,DOS_SlowLoris,0,22.781065088757398,84.23076923076923
attack_DDOS,0,99.70282317979198,DOS_SlowHttpTest,99.26362297496318,0,DOS_GoldenEye,659,99.55621301775149,Web_XSS,17,99.85207100591717,FTPPatator,0,13.609467455621301,82.39644970414201
attack_DDOS,0,99.70282317979198,DOS_SlowHttpTest,99.26362297496318,0,DOS_GoldenEye,0,99.55621301775149,Web_XSS,676,99.85207100591717,attack_portscan,0,99.70414201183432,99.61538461538461
attack_DDOS,0,99.70282317979198,DOS_SlowHttpTest,99.26362297496318,2,DOS_GoldenEye,408,99.55621301775149,Web_XSS,266,99.85207100591717,DOS_Hulk,0,53.40236686390533,90.35502958579882
attack_DDOS,0,99.70282317979198,DOS_SlowHttpTest,99.26362297496318,0,DOS_GoldenEye,34,99.55621301775149,Web_XSS,642,99.85207100591717,Web_BruteForce,0,0.0,79.67455621301775
attack_DDOS,0,99.70282317979198,DOS_SlowHttpTest,99.26362297496318,0,DOS_GoldenEye,0,99.55621301775149,Web_XSS,676,99.85207100591717,SSHPatator,0,1.183431952662722,79.91124260355029
attack_bot,0,100.0,DOS_Hulk,99.42575881870386,1128,FTPPatator,90,99.91809991809993,Web_BruteForce,4,100.0,DOS_SlowLoris,0,45.00818330605565,88.85245901639344
attack_bot,1178,100.0,DOS_Hulk,99.42575881870386,41,FTPPatator,0,99.91809991809993,Web_BruteForce,3,100.0,attack_portscan,0,98.77250409165302,99.62295081967213
attack_bot,25,100.0,DOS_Hulk,99.42575881870386,1000,FTPPatator,0,99.91809991809993,Web_BruteForce,197,100.0,DOS_SlowHttpTest,0,46.23567921440262,89.09836065573771
attack_bot,551,100.0,DOS_Hulk,99.42575881870386,590,FTPPatator,0,99.91809991809993,Web_BruteForce,81,100.0,attack_DDOS,0,32.651391162029455,86.37704918032787
attack_bot,0,100.0,DOS_Hulk,99.42575881870386,1214,FTPPatator,0,99.91809991809993,Web_BruteForce,8,100.0,DOS_GoldenEye,0,3.436988543371522,80.52459016393442
attack_portscan,1,99.85141158989599,DOS_GoldenEye,99.85272459499264,668,FTPPatator,0,100.0,Web_XSS,7,99.2603550295858,DOS_Hulk,0,1.7751479289940828,80.14792899408285
attack_portscan,0,99.85141158989599,DOS_GoldenEye,99.85272459499264,0,FTPPatator,0,100.0,Web_XSS,676,99.2603550295858,SSHPatator,0,0.14792899408284024,79.8224852071006
attack_portscan,0,99.85141158989599,DOS_GoldenEye,99.85272459499264,34,FTPPatator,0,100.0,Web_XSS,642,99.2603550295858,Web_BruteForce,0,0.0,79.79289940828403
attack_portscan,0,99.85141158989599,DOS_GoldenEye,99.85272459499264,552,FTPPatator,118,100.0,Web_XSS,6,99.2603550295858,attack_DDOS,0,30.76923076923077,85.94674556213018
attack_portscan,0,99.70282317979198,DOS_SlowLoris,99.55817378497791,632,Web_BruteForce,8,9.023668639053255,Web_XSS,36,3.5502958579881656,FTPPatator,0,70.41420118343196,56.44970414201183
attack_portscan,408,99.70282317979198,DOS_SlowLoris,99.55817378497791,133,Web_BruteForce,53,9.023668639053255,Web_XSS,82,3.5502958579881656,attack_bot,0,72.48520710059172,56.86390532544379
attack_portscan,0,99.70282317979198,DOS_SlowLoris,99.55817378497791,240,Web_BruteForce,142,9.023668639053255,Web_XSS,294,3.5502958579881656,DOS_GoldenEye,0,89.79289940828401,60.32544378698225
attack_portscan,0,99.70282317979198,DOS_SlowLoris,99.55817378497791,93,Web_BruteForce,55,9.023668639053255,Web_XSS,528,3.5502958579881656,attack_DDOS,0,93.19526627218934,61.005917159763314
attack_portscan,0,99.70282317979198,DOS_SlowLoris,99.55817378497791,525,Web_BruteForce,85,9.023668639053255,Web_XSS,66,3.5502958579881656,DOS_SlowHttpTest,0,26.331360946745562,47.633136094674555
attack_portscan,0,99.70282317979198,DOS_SlowLoris,99.55817378497791,421,Web_BruteForce,8,9.023668639053255,Web_XSS,247,3.5502958579881656,DOS_Hulk,0,69.23076923076923,56.21301775147929
attack_bot,375,100.0,attack_portscan,100.0,407,DOS_SlowLoris,440,99.91809991809993,FTPPatator,0,100.0,Web_BruteForce,0,82.56955810147299,96.49180327868852
attack_bot,321,100.0,attack_portscan,100.0,0,DOS_SlowLoris,0,99.91809991809993,FTPPatator,901,100.0,SSHPatator,0,48.28150572831424,89.62295081967213
attack_bot,11,100.0,attack_portscan,100.0,0,DOS_SlowLoris,1211,99.91809991809993,FTPPatator,0,100.0,DOS_Hulk,0,2.7823240589198037,80.50819672131148
attack_bot,11,100.0,attack_portscan,100.0,0,DOS_SlowLoris,1211,99.91809991809993,FTPPatator,0,100.0,DOS_GoldenEye,0,2.8641571194762685,80.52459016393442
DOS_Hulk,762,99.2616899097621,DOS_GoldenEye,99.91796554552911,58,FTPPatator,0,99.91809991809993,Web_BruteForce,401,100.0,attack_bot,0,49.14004914004914,89.63934426229508
DOS_Hulk,1329,99.18578830495929,DOS_GoldenEye,99.92603550295857,0,FTPPatator,0,99.85218033998522,Web_BruteForce,23,100.0,attack_portscan,0,99.85207100591717,99.76331360946746
DOS_Hulk,0,99.18578830495929,DOS_GoldenEye,99.92603550295857,1,FTPPatator,0,99.85218033998522,Web_BruteForce,1351,100.0,SSHPatator,0,0.07396449704142012,79.8076923076923
DOS_Hulk,7,99.18578830495929,DOS_GoldenEye,99.92603550295857,1114,FTPPatator,0,99.85218033998522,Web_BruteForce,231,100.0,DOS_SlowHttpTest,0,10.650887573964498,81.92307692307692
attack_bot,10,100.0,attack_portscan,100.0,0,DOS_Hulk,1212,99.67239967239966,FTPPatator,0,100.0,DOS_GoldenEye,0,1.309328968903437,80.1639344262295
attack_bot,47,100.0,attack_portscan,100.0,6,DOS_Hulk,1166,99.67239967239966,FTPPatator,3,100.0,DOS_SlowHttpTest,0,19.230769230769234,83.75409836065573
attack_bot,66,100.0,attack_portscan,100.0,1,DOS_Hulk,1155,99.67239967239966,FTPPatator,0,100.0,Web_BruteForce,0,7.6923076923076925,81.44262295081967
attack_bot,589,100.0,attack_portscan,100.0,0,DOS_Hulk,633,99.67239967239966,FTPPatator,0,100.0,attack_DDOS,0,20.212765957446805,83.95081967213115
attack_bot,20,100.0,attack_portscan,100.0,0,DOS_Hulk,655,99.70414201183432,FTPPatator,0,100.0,Web_XSS,0,9.925925925925926,81.95266272189349
attack_bot,1219,100.0,attack_portscan,100.0,0,DOS_Hulk,0,99.67239967239966,FTPPatator,3,100.0,SSHPatator,0,0.08183306055646482,79.91803278688525
DOS_SlowLoris,0,99.55588452997779,DOS_Hulk,97.55917159763314,838,DOS_GoldenEye,2,100.0,Web_BruteForce,512,99.92603550295857,SSHPatator,0,48.5207100591716,89.11242603550296
DOS_SlowLoris,12,99.58982772764561,DOS_Hulk,97.70303527481542,189,DOS_GoldenEye,675,100.0,Web_BruteForce,345,99.91803278688525,attack_bot,0,65.02866502866503,92.44262295081967
DOS_SlowLoris,9,99.55588452997779,DOS_Hulk,97.55917159763314,0,DOS_GoldenEye,1310,100.0,Web_BruteForce,33,99.92603550295857,DOS_SlowHttpTest,0,21.375739644970416,83.68343195266272
DOS_SlowLoris,1348,99.55588452997779,DOS_Hulk,97.55917159763314,0,DOS_GoldenEye,0,100.0,Web_BruteForce,4,99.92603550295857,attack_portscan,0,44.230769230769226,88.25443786982248
attack_DDOS,858,99.83593109105826,DOS_SlowHttpTest,99.34372436423298,38,DOS_SlowLoris,322,99.91809991809993,SSHPatator,3,100.0,attack_bot,0,72.80917280917281,94.37704918032787
attack_DDOS,0,99.92088607594937,DOS_SlowHttpTest,99.52569169960475,0,DOS_SlowLoris,2528,99.92088607594937,SSHPatator,0,100.0,attack_portscan,0,13.330696202531644,82.53955696202532
attack_DDOS,0,99.85196150999259,DOS_SlowHttpTest,99.40828402366864,143,DOS_SlowLoris,1195,99.9260901699926,SSHPatator,13,100.0,Web_BruteForce,0,37.37971872686899,87.3224852071006
attack_DDOS,0,99.92088607594937,DOS_SlowHttpTest,99.52569169960475,0,DOS_SlowLoris,2523,99.92088607594937,SSHPatator,5,100.0,FTPPatator,0,7.555379746835443,81.38449367088607
attack_DDOS,1542,99.92088607594937,DOS_SlowHttpTest,99.52569169960475,178,DOS_SlowLoris,808,99.92088607594937,SSHPatator,0,100.0,DOS_Hulk,0,67.72151898734177,93.41772151898734
attack_DDOS,73,100.0,DOS_SlowLoris,99.55621301775149,0,DOS_Hulk,1278,99.77827050997783,FTPPatator,0,100.0,Web_BruteForce,0,61.2879348630644,92.1301775147929
attack_DDOS,554,100.0,DOS_SlowLoris,99.50779327317474,0,DOS_Hulk,667,99.75429975429975,FTPPatator,0,100.0,attack_bot,0,30.057330057330056,85.85245901639344
attack_DDOS,1,100.0,DOS_SlowLoris,99.48599331791314,3876,DOS_Hulk,13,99.89727786337956,FTPPatator,0,100.0,attack_portscan,0,100.0,99.87667009249743
attack_DDOS,28,100.0,DOS_SlowLoris,99.48599331791314,2945,DOS_Hulk,917,99.89727786337956,FTPPatator,0,100.0,DOS_SlowHttpTest,0,21.336760925449873,84.15210688591984
attack_DDOS,21,100.0,DOS_SlowLoris,99.70544918998527,0,DOS_Hulk,654,99.70414201183432,FTPPatator,0,100.0,Web_XSS,0,65.92592592592592,93.07692307692308
DOS_SlowHttpTest,17,99.25705794947994,DOS_Hulk,99.26362297496318,649,FTPPatator,1,100.0,Web_XSS,9,98.5207100591716,DOS_GoldenEye,0,13.609467455621301,82.1301775147929
DOS_SlowHttpTest,461,99.25705794947994,DOS_Hulk,99.26362297496318,40,FTPPatator,48,100.0,Web_XSS,127,98.5207100591716,DOS_SlowLoris,0,66.86390532544378,92.7810650887574
DOS_SlowHttpTest,18,99.25705794947994,DOS_Hulk,99.26362297496318,455,FTPPatator,86,100.0,Web_XSS,117,98.5207100591716,attack_DDOS,0,51.183431952662716,89.64497041420118
DOS_SlowHttpTest,0,99.25705794947994,DOS_Hulk,99.26362297496318,0,FTPPatator,0,100.0,Web_XSS,676,98.5207100591716,attack_portscan,0,99.70414201183432,99.3491124260355
DOS_SlowHttpTest,0,99.25705794947994,DOS_Hulk,99.26362297496318,0,FTPPatator,0,100.0,Web_XSS,676,98.5207100591716,SSHPatator,0,0.0,79.40828402366864
attack_DDOS,0,99.70282317979198,DOS_SlowLoris,100.0,36,DOS_Hulk,626,98.81656804733728,Web_XSS,14,99.85207100591717,DOS_GoldenEye,0,11.834319526627219,82.0414201183432
attack_DDOS,0,99.70282317979198,DOS_SlowLoris,100.0,55,DOS_Hulk,8,98.81656804733728,Web_XSS,613,99.85207100591717,FTPPatator,0,48.37278106508875,89.3491124260355
attack_DDOS,87,99.70282317979198,DOS_SlowLoris,100.0,0,DOS_Hulk,324,98.81656804733728,Web_XSS,265,99.85207100591717,attack_bot,0,78.84615384615384,95.44378698224853
attack_DDOS,0,99.70282317979198,DOS_SlowLoris,100.0,0,DOS_Hulk,0,98.81656804733728,Web_XSS,676,99.85207100591717,SSHPatator,0,0.0,79.67455621301775
attack_DDOS,0,99.70282317979198,DOS_SlowLoris,100.0,0,DOS_Hulk,34,98.81656804733728,Web_XSS,642,99.85207100591717,Web_BruteForce,0,0.0,79.67455621301775
attack_portscan,1,100.0,DOS_SlowLoris,99.53739398612183,3031,DOS_Hulk,858,99.84591679506933,FTPPatator,0,100.0,DOS_SlowHttpTest,0,2.7249357326478147,80.43165467625899
attack_portscan,758,100.0,DOS_SlowLoris,99.48224852071006,72,DOS_Hulk,521,99.77827050997783,FTPPatator,0,100.0,Web_BruteForce,0,54.47816432272391,90.75443786982248
attack_portscan,504,100.0,DOS_SlowLoris,99.42575881870386,36,DOS_Hulk,681,99.75429975429975,FTPPatator,0,100.0,attack_bot,0,7.944307944307945,81.40983606557377
attack_portscan,20,100.0,DOS_SlowLoris,99.53739398612183,19,DOS_Hulk,2881,99.84591679506933,FTPPatator,970,100.0,attack_DDOS,0,21.979434447300772,84.28057553956835
attack_portscan,0,100.0,DOS_SlowLoris,99.53739398612183,113,DOS_Hulk,3777,99.84591679506933,FTPPatator,0,100.0,DOS_GoldenEye,0,1.9794344473007712,80.28263103802672
attack_DDOS,10,100.0,attack_portscan,99.85272459499264,443,DOS_SlowHttpTest,53,99.40828402366864,DOS_SlowLoris,169,99.85228951255539,Web_XSS,0,64.29629629629629,92.6923076923077
attack_DDOS,475,100.0,attack_portscan,99.91796554552911,496,DOS_SlowHttpTest,238,99.42669942669943,DOS_SlowLoris,10,99.91803278688525,attack_bot,2,43.65274365274365,88.57377049180327
attack_DDOS,2287,100.0,attack_portscan,99.96047430830039,2,DOS_SlowHttpTest,237,99.56487341772153,DOS_SlowLoris,1,99.88128215275029,SSHPatator,0,24.535021764938662,84.79430379746836
attack_DDOS,6,100.0,attack_portscan,99.92603550295857,782,DOS_SlowHttpTest,217,99.48263118994826,DOS_SlowLoris,346,99.9260901699926,Web_BruteForce,0,66.61732050333087,93.19526627218934
attack_DDOS,3149,100.0,attack_portscan,99.9743062692703,0,DOS_SlowHttpTest,0,99.61479198767334,DOS_SlowLoris,741,99.89719866358263,FTPPatator,0,39.61439588688946,87.82631038026722
attack_DDOS,1486,100.0,attack_portscan,99.9743062692703,0,DOS_SlowHttpTest,2178,99.61479198767334,DOS_SlowLoris,226,99.89719866358263,DOS_GoldenEye,0,47.994858611825194,89.50154162384378
attack_bot,512,100.0,attack_portscan,99.91796554552911,0,DOS_SlowHttpTest,455,99.67239967239966,SSHPatator,255,100.0,FTPPatator,0,74.95908346972176,94.90163934426229
attack_bot,94,100.0,attack_portscan,99.91796554552911,0,DOS_SlowHttpTest,1128,99.67239967239966,SSHPatator,0,100.0,DOS_Hulk,0,18.985270049099835,83.68852459016394
attack_bot,29,100.0,attack_portscan,99.91796554552911,0,DOS_SlowHttpTest,1193,99.67239967239966,SSHPatator,0,100.0,DOS_GoldenEye,0,7.855973813420622,81.45901639344262
attack_bot,57,100.0,attack_portscan,99.85272459499264,0,DOS_SlowHttpTest,618,99.40828402366864,SSHPatator,0,100.0,Web_XSS,0,22.37037037037037,84.3491124260355
DOS_SlowHttpTest,698,99.91796554552911,FTPPatator,100.0,0,SSHPatator,29,100.0,Web_BruteForce,494,99.91803278688525,attack_bot,0,30.876330876330876,86.1311475409836
DOS_SlowHttpTest,1212,99.9259807549963,FTPPatator,99.92603550295857,88,SSHPatator,0,99.9260901699926,Web_BruteForce,52,99.92603550295857,DOS_SlowLoris,0,3.772189349112426,80.69526627218934
DOS_SlowHttpTest,1340,99.9259807549963,FTPPatator,99.92603550295857,0,SSHPatator,0,99.9260901699926,Web_BruteForce,12,99.92603550295857,DOS_Hulk,0,0.9615384615384616,80.13313609467455
DOS_SlowHttpTest,1349,99.9259807549963,FTPPatator,99.92603550295857,0,SSHPatator,0,99.9260901699926,Web_BruteForce,3,99.92603550295857,DOS_GoldenEye,0,1.7751479289940828,80.29585798816568
attack_DDOS,3728,99.97436554729556,attack_portscan,100.0,1,DOS_Hulk,0,100.0,DOS_GoldenEye,169,100.0,FTPPatator,0,10.543868650590046,82.11282051282052
attack_DDOS,0,99.9743128692525,attack_portscan,100.0,34,DOS_Hulk,1756,100.0,DOS_GoldenEye,2099,100.0,DOS_SlowLoris,0,0.4628439187451787,80.10277492291881
attack_DDOS,0,99.9762808349146,attack_portscan,100.0,4,DOS_Hulk,41,100.0,DOS_GoldenEye,4170,100.0,DOS_SlowHttpTest,0,1.376037959667853,80.27514231499052
attack_DDOS,1017,99.96044303797468,attack_portscan,100.0,22,DOS_Hulk,147,100.0,DOS_GoldenEye,1340,100.0,SSHPatator,1,50.37593984962406,90.07120253164557
DOS_SlowHttpTest,2,99.10846953937593,DOS_SlowLoris,99.70544918998527,0,DOS_GoldenEye,7,100.0,Web_BruteForce,666,99.85228951255539,Web_XSS,0,0.0,79.76331360946746
DOS_SlowHttpTest,1347,99.25980754996299,DOS_SlowLoris,99.85207100591717,0,DOS_GoldenEye,0,99.77827050997783,Web_BruteForce,5,99.92603550295857,SSHPatator,0,2.7366863905325447,80.31065088757397
DOS_SlowHttpTest,0,99.25980754996299,DOS_SlowLoris,99.85207100591717,0,DOS_GoldenEye,0,99.77827050997783,Web_BruteForce,1352,99.92603550295857,FTPPatator,0,0.5177514792899409,79.86686390532545
DOS_SlowHttpTest,5,99.25980754996299,DOS_SlowLoris,99.85207100591717,122,DOS_GoldenEye,1225,99.77827050997783,Web_BruteForce,0,99.92603550295857,attack_DDOS,0,17.159763313609467,83.19526627218934
DOS_SlowHttpTest,0,99.25980754996299,DOS_SlowLoris,99.85207100591717,4,DOS_GoldenEye,1344,99.77827050997783,Web_BruteForce,4,99.92603550295857,DOS_Hulk,0,0.7396449704142012,79.91124260355029
attack_bot,1022,100.0,DOS_SlowHttpTest,98.85151763740771,0,DOS_GoldenEye,176,99.34479934479934,Web_BruteForce,24,100.0,attack_DDOS,0,18.330605564648117,83.27868852459017
attack_bot,1219,100.0,DOS_SlowHttpTest,98.85151763740771,0,DOS_GoldenEye,3,99.34479934479934,Web_BruteForce,0,100.0,SSHPatator,0,0.24549918166939444,79.65573770491804
attack_bot,0,100.0,DOS_SlowHttpTest,98.85151763740771,0,DOS_GoldenEye,0,99.34479934479934,Web_BruteForce,1222,100.0,FTPPatator,0,0.0,79.60655737704919
attack_bot,0,100.0,DOS_SlowHttpTest,98.85151763740771,539,DOS_GoldenEye,623,99.34479934479934,Web_BruteForce,60,100.0,DOS_SlowLoris,0,35.59738134206219,86.73770491803279
attack_bot,2,100.0,DOS_SlowHttpTest,98.8217967599411,0,DOS_GoldenEye,7,99.11242603550295,Web_BruteForce,666,100.0,Web_XSS,0,0.4444444444444444,79.70414201183432
attack_bot,1217,100.0,DOS_SlowHttpTest,98.85151763740771,0,DOS_GoldenEye,0,99.34479934479934,Web_BruteForce,5,100.0,attack_portscan,0,89.60720130932897,97.55737704918033
attack_bot,16,100.0,DOS_SlowLoris,100.0,658,DOS_Hulk,0,99.2603550295858,Web_XSS,2,99.85207100591717,attack_portscan,0,99.70414201183432,99.76331360946746
attack_bot,0,100.0,DOS_SlowLoris,100.0,0,DOS_Hulk,0,99.2603550295858,Web_XSS,676,99.85207100591717,SSHPatator,0,0.0,79.8224852071006
attack_bot,0,100.0,DOS_SlowLoris,100.0,513,DOS_Hulk,56,99.2603550295858,Web_XSS,107,99.85207100591717,DOS_SlowHttpTest,0,26.77514792899408,85.1775147928994
attack_bot,0,100.0,DOS_SlowLoris,100.0,0,DOS_Hulk,24,99.2603550295858,Web_XSS,652,99.85207100591717,Web_BruteForce,0,3.9940828402366866,80.62130177514793
attack_bot,0,100.0,DOS_SlowLoris,100.0,37,DOS_Hulk,636,99.2603550295858,Web_XSS,3,99.85207100591717,DOS_GoldenEye,0,11.242603550295858,82.07100591715977
attack_bot,0,100.0,DOS_SlowLoris,100.0,676,DOS_Hulk,0,99.2603550295858,Web_XSS,0,99.85207100591717,FTPPatator,0,0.0,79.8224852071006
attack_bot,462,100.0,DOS_SlowLoris,100.0,0,DOS_Hulk,113,99.2603550295858,Web_XSS,101,99.85207100591717,attack_DDOS,0,40.976331360946745,88.01775147928994
attack_bot,86,100.0,DOS_SlowLoris,100.0,337,SSHPatator,0,100.0,Web_XSS,253,99.70414201183432,DOS_GoldenEye,0,78.40236686390533,95.62130177514793
attack_bot,413,100.0,DOS_SlowLoris,100.0,0,SSHPatator,225,100.0,Web_XSS,38,99.70414201183432,attack_DDOS,0,16.56804733727811,83.25443786982248
attack_bot,46,100.0,DOS_SlowLoris,100.0,169,SSHPatator,0,100.0,Web_XSS,461,99.70414201183432,DOS_Hulk,0,83.87573964497041,96.71597633136095
attack_bot,0,100.0,DOS_SlowLoris,100.0,0,SSHPatator,670,100.0,Web_XSS,6,99.70414201183432,FTPPatator,0,9.911242603550296,81.92307692307692
attack_bot,592,100.0,DOS_SlowLoris,100.0,82,SSHPatator,0,100.0,Web_XSS,2,99.70414201183432,attack_portscan,0,96.89349112426035,99.31952662721893
attack_bot,0,100.0,DOS_SlowLoris,99.83593109105826,508,DOS_Hulk,1,99.09909909909909,DOS_GoldenEye,713,99.91803278688525,DOS_SlowHttpTest,0,46.07201309328969,88.9672131147541
attack_bot,1,100.0,DOS_SlowLoris,99.83593109105826,1221,DOS_Hulk,0,99.09909909909909,DOS_GoldenEye,0,99.91803278688525,attack_portscan,0,3.273322422258593,80.39344262295081
attack_bot,48,100.0,DOS_SlowLoris,99.70544918998527,76,DOS_Hulk,527,98.96449704142012,DOS_GoldenEye,24,99.85228951255539,Web_XSS,0,90.22222222222223,97.75147928994083
attack_bot,1220,100.0,DOS_SlowLoris,99.83593109105826,0,DOS_Hulk,1,99.09909909909909,DOS_GoldenEye,1,99.91803278688525,SSHPatator,0,0.16366612111292964,79.77049180327869
attack_bot,57,100.0,DOS_SlowLoris,99.83593109105826,121,DOS_Hulk,916,99.09909909909909,DOS_GoldenEye,128,99.91803278688525,Web_BruteForce,0,83.22422258592471,96.40983606557377
attack_bot,864,100.0,DOS_SlowLoris,99.83593109105826,0,DOS_Hulk,153,99.09909909909909,DOS_GoldenEye,205,99.91803278688525,attack_DDOS,0,21.358428805237317,84.01639344262296
attack_DDOS,0,99.25705794947994,DOS_GoldenEye,99.55817378497791,0,FTPPatator,0,100.0,Web_XSS,676,99.55621301775149,attack_portscan,0,99.70414201183432,99.61538461538461
attack_DDOS,0,99.25705794947994,DOS_GoldenEye,99.55817378497791,664,FTPPatator,0,100.0,Web_XSS,12,99.55621301775149,DOS_Hulk,0,16.124260355029584,82.89940828402366
attack_DDOS,0,99.25705794947994,DOS_GoldenEye,99.55817378497791,34,FTPPatator,0,100.0,Web_XSS,642,99.55621301775149,Web_BruteForce,0,0.0,79.67455621301775
attack_DDOS,0,99.25705794947994,DOS_GoldenEye,99.55817378497791,378,FTPPatator,0,100.0,Web_XSS,298,99.55621301775149,attack_bot,0,45.857988165680474,88.84615384615384
attack_DDOS,0,99.25705794947994,DOS_GoldenEye,99.55817378497791,340,FTPPatator,43,100.0,Web_XSS,293,99.55621301775149,DOS_SlowLoris,0,35.20710059171598,86.71597633136095
attack_portscan,0,100.0,DOS_SlowHttpTest,99.53751284686535,0,DOS_SlowLoris,3890,99.74312869252503,DOS_GoldenEye,0,99.8972250770812,FTPPatator,0,0.025706940874035987,79.85097636176774
attack_portscan,45,100.0,DOS_SlowHttpTest,99.53751284686535,8,DOS_SlowLoris,671,99.74312869252503,DOS_GoldenEye,3164,99.8972250770812,attack_DDOS,2,30.359897172236504,85.91469681397739
attack_portscan,3,100.0,DOS_SlowHttpTest,99.52569169960475,2514,DOS_SlowLoris,8,99.84177215189874,DOS_GoldenEye,2,99.9208547685002,SSHPatator,0,0.554016620498615,79.97626582278481
attack_portscan,496,100.0,DOS_SlowHttpTest,99.42575881870386,42,DOS_SlowLoris,2,99.83619983619984,DOS_GoldenEye,681,99.8360655737705,attack_bot,0,3.6855036855036856,80.54098360655738
attack_portscan,581,100.0,DOS_SlowHttpTest,99.41089837997055,56,DOS_SlowLoris,38,100.0,FTPPatator,0,100.0,Web_XSS,0,43.55555555555555,88.6094674556213
attack_portscan,1089,100.0,DOS_SlowHttpTest,99.58890030832477,2008,DOS_SlowLoris,513,99.79450295402003,FTPPatator,165,100.0,attack_DDOS,115,74.55012853470437,94.78931140801645
attack_portscan,0,100.0,DOS_SlowHttpTest,99.58890030832477,2781,DOS_SlowLoris,1109,99.79450295402003,FTPPatator,0,100.0,DOS_GoldenEye,0,40.87403598971722,88.05755395683454
attack_portscan,938,100.0,DOS_SlowHttpTest,99.42575881870386,280,DOS_SlowLoris,3,99.83619983619984,FTPPatator,0,100.0,attack_bot,0,12.694512694512694,82.37704918032787
DOS_SlowHttpTest,29,99.58982772764561,DOS_GoldenEye,99.75389663658737,691,FTPPatator,0,100.0,Web_BruteForce,501,99.91803278688525,attack_bot,0,2.8665028665028665,80.40983606557377
DOS_SlowHttpTest,743,99.6299037749815,DOS_GoldenEye,99.77810650887574,13,FTPPatator,0,99.9260901699926,Web_BruteForce,596,99.92603550295857,SSHPatator,0,98.22485207100591,99.49704142011835
DOS_SlowHttpTest,0,99.40564635958395,DOS_GoldenEye,99.85272459499264,9,FTPPatator,0,100.0,Web_BruteForce,666,99.85228951255539,Web_XSS,0,0.4444444444444444,79.94082840236686
DOS_SlowHttpTest,0,99.6299037749815,DOS_GoldenEye,99.77810650887574,0,FTPPatator,0,99.9260901699926,Web_BruteForce,1352,99.92603550295857,attack_portscan,0,98.74260355029585,99.60059171597634
