dataset,q,prevalence,arm,calibration_size,fdr_mean,fdr_ci95,power_mean,power_ci95,draws_over_q,seeds_over_q
cse2018,0.1,0.01,marginal BH,12000,0.09565962624967275,0.030314332272392854,0.9698743709086017,0.03966952026533309,0.36,0.4
cse2018,0.1,0.01,PACT conditional L=1,12000,0.06713096539539594,0.023332074640766705,0.897516398279141,0.16740231887300513,0.08,0.0
cse2018,0.1,0.01,PACT conditional L=5,12000,0.0514993484422119,0.015165263429821106,0.7739358800917694,0.3073938197890515,0.0,0.0
cse2018,0.1,0.01,PACT conditional L=100 (shipped),12000,0.03573291972965968,0.015120808272972824,0.43030718189420564,0.2880913545503091,0.0,0.0
cse2018,0.1,0.01,Storey-BH,12000,0.09671545062890505,0.030493101509329046,0.9707152366897157,0.03829937224367612,0.36,0.4
cse2018,0.1,0.01,BY,12000,0.008051826078765758,0.00952598154881967,0.10877744727868661,0.13714666404697493,0.0,0.0
cse2018,0.1,0.01,e-BH,12000,0.027276084722880133,0.04315460420824828,0.2871777247526485,0.3028239324245919,0.08,0.0
cse2018,0.1,0.001,marginal BH,12000,0.1978446659424496,0.05264149663527039,0.2857334767561629,0.2246024338909968,0.96,1.0
cse2018,0.1,0.001,PACT conditional L=1,12000,0.05560120253409863,0.06619077786852808,0.04615638704336659,0.05928055734881762,0.2,0.2
cse2018,0.1,0.001,PACT conditional L=5,12000,0.0014285714285714286,0.003072321615454335,0.0013479722064662508,0.0016319634780390566,0.0,0.0
cse2018,0.1,0.001,PACT conditional L=100 (shipped),12000,0.0,0.0,0.0,0.0,0.0,0.0
cse2018,0.1,0.001,Storey-BH,12000,0.1978446659424496,0.05264149663527039,0.2857334767561629,0.2246024338909968,0.96,1.0
cse2018,0.1,0.001,BY,12000,0.0,0.0,0.0,0.0,0.0,0.0
cse2018,0.1,0.001,e-BH,12000,0.12008589891677887,0.09910828593394663,0.19343038777974048,0.2151892509681056,0.56,0.6
cse2018,0.2,0.01,marginal BH,12000,0.1867347593270889,0.021402943754479518,0.9956877182463352,0.010719758616666242,0.2,0.4
cse2018,0.2,0.01,PACT conditional L=1,12000,0.1475264355752947,0.022345083848691195,0.9916853908808889,0.01420295838594688,0.04,0.0
cse2018,0.2,0.01,PACT conditional L=5,12000,0.12307751226274692,0.02611428484408837,0.9812399013385033,0.02518187778507992,0.0,0.0
cse2018,0.2,0.01,PACT conditional L=100 (shipped),12000,0.09408052373857072,0.02796247502818589,0.9340522643605655,0.10706159941728173,0.0,0.0
cse2018,0.2,0.01,Storey-BH,12000,0.1891375986652412,0.02198495868106154,0.9957890421814886,0.01052616676513518,0.32,0.4
cse2018,0.2,0.01,BY,12000,0.02462275065925288,0.012937648122417178,0.43706983667129407,0.3380966022967434,0.0,0.0
cse2018,0.2,0.01,e-BH,12000,0.12289702325762761,0.3076462536974047,0.288482722755227,0.3025526129048742,0.12,0.2
cse2018,0.2,0.001,marginal BH,12000,0.3314757036320418,0.06872281245360214,0.6542721193024861,0.2545568502062691,1.0,1.0
cse2018,0.2,0.001,PACT conditional L=1,12000,0.22359609784088968,0.06127755771084072,0.2977827159625839,0.2249518555529268,0.56,0.8
cse2018,0.2,0.001,PACT conditional L=5,12000,0.09714129266225141,0.0942195850130234,0.0730231155439115,0.07421591729243597,0.16,0.2
cse2018,0.2,0.001,PACT conditional L=100 (shipped),12000,0.007928571428571429,0.010436350880443621,0.005486480710320023,0.006727260150431184,0.0,0.0
cse2018,0.2,0.001,Storey-BH,12000,0.3316231647862781,0.06882668162124429,0.6548045581882043,0.2545598468501793,1.0,1.0
cse2018,0.2,0.001,BY,12000,0.0014285714285714286,0.003072321615454335,0.0013479722064662508,0.0016319634780390566,0.0,0.0
cse2018,0.2,0.001,e-BH,12000,0.22798173052709267,0.35723169779813363,0.28715866724287975,0.29845746027052206,0.44,0.2
cicids2017,0.1,0.01,marginal BH,12000,0.100061932572274,0.04685546225317827,0.37684959777299054,0.42024286188501236,0.6,0.6
cicids2017,0.1,0.01,PACT conditional L=1,12000,0.07178422180658427,0.0600508823014636,0.17588179840126217,0.2884157023764072,0.36,0.4
cicids2017,0.1,0.01,PACT conditional L=5,12000,0.03732035754131658,0.05977962621626963,0.05403755585732121,0.11084849401880437,0.12,0.0
cicids2017,0.1,0.01,PACT conditional L=100 (shipped),12000,0.004493675501876215,0.009939988425233475,0.0031622164877721077,0.008196376094269696,0.0,0.0
cicids2017,0.1,0.01,Storey-BH,12000,0.09988093139546289,0.04730773184753273,0.3776927186796549,0.41991002153141005,0.6,0.6
cicids2017,0.1,0.01,BY,12000,0.0,0.0,0.0,0.0,0.0,0.0
cicids2017,0.1,0.01,e-BH,12000,0.05413181562727666,0.09333984008848481,0.010993472969009672,0.018051950411704706,0.4,0.4
cicids2017,0.1,0.001,marginal BH,12000,0.18940672938172937,0.1833445471477986,0.01935647421850647,0.024049936576617345,0.72,0.8
cicids2017,0.1,0.001,PACT conditional L=1,12000,0.0,0.0,0.0,0.0,0.0,0.0
cicids2017,0.1,0.001,PACT conditional L=5,12000,0.0,0.0,0.0,0.0,0.0,0.0
cicids2017,0.1,0.001,PACT conditional L=100 (shipped),12000,0.0,0.0,0.0,0.0,0.0,0.0
cicids2017,0.1,0.001,Storey-BH,12000,0.18940672938172937,0.1833445471477986,0.01935647421850647,0.024049936576617345,0.72,0.8
cicids2017,0.1,0.001,BY,12000,0.0,0.0,0.0,0.0,0.0,0.0
cicids2017,0.1,0.001,e-BH,12000,0.08659999999999998,0.14762590674676768,0.004226649911795994,0.006650786500845194,0.4,0.4
cicids2017,0.2,0.01,marginal BH,12000,0.16472996361385298,0.03014524437358082,0.7238937081833612,0.2636759642061315,0.04,0.0
cicids2017,0.2,0.01,PACT conditional L=1,12000,0.13377952276535324,0.027294995434538744,0.5579908388405699,0.3802689870665726,0.0,0.0
cicids2017,0.2,0.01,PACT conditional L=5,12000,0.11640874294362775,0.03603429154399796,0.41304210141471653,0.4285594856665907,0.0,0.0
cicids2017,0.2,0.01,PACT conditional L=100 (shipped),12000,0.07207526050565717,0.05201025145302899,0.22770657876469733,0.3503882817521209,0.0,0.0
cicids2017,0.2,0.01,Storey-BH,12000,0.16566923068395295,0.030122155082747376,0.7258146402871933,0.2614802017978466,0.04,0.0
cicids2017,0.2,0.01,BY,12000,0.0025427489177489173,0.004331776497713895,0.0009939924009307942,0.002063678700878509,0.0,0.0
cicids2017,0.2,0.01,e-BH,12000,0.053018196724628285,0.09291926893207936,0.019591408318312624,0.026889541870306642,0.0,0.0
cicids2017,0.2,0.001,marginal BH,12000,0.46198783994828424,0.2839972095112596,0.16277728754960147,0.17357543569841985,0.84,0.8
cicids2017,0.2,0.001,PACT conditional L=1,12000,0.1995437575754139,0.18279688099812658,0.022824364392143713,0.029109883146241026,0.44,0.6
cicids2017,0.2,0.001,PACT conditional L=5,12000,0.029711111111111115,0.05759248334082536,0.0030999591810666103,0.005313871890985531,0.0,0.0
cicids2017,0.2,0.001,PACT conditional L=100 (shipped),12000,0.0,0.0,0.0,0.0,0.0,0.0
cicids2017,0.2,0.001,Storey-BH,12000,0.46402232270690497,0.2786130490864998,0.16277728754960147,0.17357543569841985,0.84,0.8
cicids2017,0.2,0.001,BY,12000,0.0,0.0,0.0,0.0,0.0,0.0
cicids2017,0.2,0.001,e-BH,12000,0.2355563492063492,0.4028784086173807,0.021557313984290886,0.027972863467653653,0.4,0.4
toniot,0.1,0.01,marginal BH,12000,0.09865,0.06595178973021487,0.00030938401035782593,0.0004446776314814005,0.24,0.4
toniot,0.1,0.01,PACT conditional L=1,12000,0.0,0.0,0.0,0.0,0.0,0.0
toniot,0.1,0.01,PACT conditional L=5,12000,0.0,0.0,0.0,0.0,0.0,0.0
toniot,0.1,0.01,PACT conditional L=100 (shipped),12000,0.0,0.0,0.0,0.0,0.0,0.0
toniot,0.1,0.01,Storey-BH,12000,0.09865,0.06595178973021487,0.00030938401035782593,0.0004446776314814005,0.24,0.4
toniot,0.1,0.01,BY,12000,0.0,0.0,0.0,0.0,0.0,0.0
toniot,0.1,0.01,e-BH,12000,0.09865,0.06595178973021487,0.00030938401035782593,0.0004446776314814005,0.24,0.4
toniot,0.1,0.001,marginal BH,12000,0.0655,0.061239341692159145,0.0004311239485152529,0.0004639573869158672,0.16,0.2
toniot,0.1,0.001,PACT conditional L=1,12000,0.0,0.0,0.0,0.0,0.0,0.0
toniot,0.1,0.001,PACT conditional L=5,12000,0.0,0.0,0.0,0.0,0.0,0.0
toniot,0.1,0.001,PACT conditional L=100 (shipped),12000,0.0,0.0,0.0,0.0,0.0,0.0
toniot,0.1,0.001,Storey-BH,12000,0.0655,0.061239341692159145,0.0004311239485152529,0.0004639573869158672,0.16,0.2
toniot,0.1,0.001,BY,12000,0.0,0.0,0.0,0.0,0.0,0.0
toniot,0.1,0.001,e-BH,12000,0.0655,0.061239341692159145,0.0004311239485152529,0.0004639573869158672,0.16,0.2
toniot,0.2,0.01,marginal BH,12000,0.49805903487868824,0.22646131337559838,0.0028257794418404857,0.0022893827262266764,0.84,1.0
toniot,0.2,0.01,PACT conditional L=1,12000,0.10036428571428573,0.06259947055568253,0.0003189993949732106,0.00043241748724495775,0.2,0.0
toniot,0.2,0.01,PACT conditional L=5,12000,0.0,0.0,0.0,0.0,0.0,0.0
toniot,0.2,0.01,PACT conditional L=100 (shipped),12000,0.0,0.0,0.0,0.0,0.0,0.0
toniot,0.2,0.01,Storey-BH,12000,0.5004540963897681,0.22895832780957914,0.00291667120399495,0.002258570797517939,0.84,1.0
toniot,0.2,0.01,BY,12000,0.0,0.0,0.0,0.0,0.0,0.0
toniot,0.2,0.01,e-BH,12000,0.4429352647352647,0.261399176763237,0.0017933612186129503,0.002503626966129474,0.68,0.8
toniot,0.2,0.001,marginal BH,12000,0.6044778998778999,0.2951838175951406,0.00305801235572494,0.00319897474484123,0.8,1.0
toniot,0.2,0.001,PACT conditional L=1,12000,0.0675,0.058569173657041486,0.0004311239485152529,0.0004639573869158672,0.12,0.0
toniot,0.2,0.001,PACT conditional L=5,12000,0.0,0.0,0.0,0.0,0.0,0.0
toniot,0.2,0.001,PACT conditional L=100 (shipped),12000,0.0,0.0,0.0,0.0,0.0,0.0
toniot,0.2,0.001,Storey-BH,12000,0.6044778998778999,0.2951838175951406,0.00305801235572494,0.00319897474484123,0.8,1.0
toniot,0.2,0.001,BY,12000,0.0,0.0,0.0,0.0,0.0,0.0
toniot,0.2,0.001,e-BH,12000,0.5446214285714286,0.315743289248782,0.0025084877569016032,0.003403938119819152,0.68,0.8
ciciomt2024,0.1,0.01,marginal BH,12000,0.9654991909936428,0.04397620520528279,0.21151855333536967,0.5462534908151528,1.0,1.0
ciciomt2024,0.1,0.01,PACT conditional L=1,12000,0.7091605781809458,0.35004446808722295,0.20319432045794442,0.5509285140924324,0.88,1.0
ciciomt2024,0.1,0.01,PACT conditional L=5,12000,0.4277422699495155,0.4812086537554428,0.19895465291264833,0.5490519531319481,0.56,0.8
ciciomt2024,0.1,0.01,PACT conditional L=100 (shipped),12000,0.20728971924244272,0.487667008869196,0.1791671790457694,0.4973434034844332,0.28,0.2
ciciomt2024,0.1,0.01,Storey-BH,12000,0.9763089641580962,0.04121085431257018,0.23370890960686014,0.5323821301469392,1.0,1.0
ciciomt2024,0.1,0.01,BY,12000,0.0,0.0,0.0,0.0,0.0,0.0
ciciomt2024,0.1,0.01,e-BH,12000,0.6277119109877589,0.36510731380254596,0.0005738524811121012,0.0012434098991480347,0.84,1.0
ciciomt2024,0.1,0.001,marginal BH,12000,0.9812415011941049,0.04312756912475202,0.21262083491612932,0.5451210246774914,1.0,1.0
ciciomt2024,0.1,0.001,PACT conditional L=1,12000,0.7152136160163364,0.37321262999905513,0.20208478198789454,0.5473262876394893,0.88,1.0
ciciomt2024,0.1,0.001,PACT conditional L=5,12000,0.4498245100389508,0.5068151183039585,0.1893025418880742,0.5226857274206321,0.56,0.6
ciciomt2024,0.1,0.001,PACT conditional L=100 (shipped),12000,0.23207574233545225,0.5284933325877208,0.12706574011551183,0.35279105218204837,0.28,0.2
ciciomt2024,0.1,0.001,Storey-BH,12000,0.9975484399522502,0.004501023485590982,0.2305790308971563,0.5343476591434115,1.0,1.0
ciciomt2024,0.1,0.001,BY,12000,0.0,0.0,0.0,0.0,0.0,0.0
ciciomt2024,0.1,0.001,e-BH,12000,0.6371093676219534,0.38737025800112107,0.000414119236773699,0.00079691952854741,0.76,1.0
ciciomt2024,0.2,0.01,marginal BH,12000,0.9364087995706424,0.06041543781580783,0.6945381487297407,0.5286149309561119,1.0,1.0
ciciomt2024,0.2,0.01,PACT conditional L=1,12000,0.9393912583764639,0.06469226676454186,0.6105195666924225,0.5210433593540461,1.0,1.0
ciciomt2024,0.2,0.01,PACT conditional L=5,12000,0.9444856784144916,0.06153193414923643,0.5258849646608328,0.49289451709601384,1.0,1.0
ciciomt2024,0.2,0.01,PACT conditional L=100 (shipped),12000,0.9551319741958297,0.050114816706050974,0.3854851869102289,0.4712979636963333,1.0,1.0
ciciomt2024,0.2,0.01,Storey-BH,12000,0.9421639013336834,0.04340834110664601,0.7931531672146435,0.5309707145577327,1.0,1.0
ciciomt2024,0.2,0.01,BY,12000,0.005714285714285715,0.010934472767871063,5.10204081632653e-06,1.4165536251009175e-05,0.0,0.0
ciciomt2024,0.2,0.01,e-BH,12000,0.9389199555029666,0.11453998433334969,0.000828526263450082,0.001698493647513584,1.0,1.0
ciciomt2024,0.2,0.001,marginal BH,12000,0.9931435936665884,0.007231817273939457,0.6518916965065911,0.5067902320822634,1.0,1.0
ciciomt2024,0.2,0.001,PACT conditional L=1,12000,0.9943393440122756,0.005767773120072622,0.517599356642903,0.46260468806528726,1.0,1.0
ciciomt2024,0.2,0.001,PACT conditional L=5,12000,0.9955258766361135,0.004344121209413073,0.4164670716525283,0.4603279186919805,1.0,1.0
ciciomt2024,0.2,0.001,PACT conditional L=100 (shipped),12000,0.9968151578176485,0.003915484470344894,0.30535973959218604,0.4935832879708775,1.0,1.0
ciciomt2024,0.2,0.001,Storey-BH,12000,0.9933935099791883,0.00559059659464442,0.7830436152180014,0.5244714757755109,1.0,1.0
ciciomt2024,0.2,0.001,BY,12000,0.0,0.0,0.0,0.0,0.0,0.0
ciciomt2024,0.2,0.001,e-BH,12000,0.9621587948079624,0.09870947326649471,0.000892956527641065,0.0016954021255243012,1.0,1.0
